#node	date	numeric date
NODE_0000001	1928-07-23	1928.559865
EPI4437688|A/Hong_Kong/F40/2024|2024	2024-05-24	2024.394809
NODE_0000153	2007-05-28	2007.403217
EPI1153778|A/Hong_Kong/4990/2017|2017	2017-12-18	2017.963014
NODE_0000143	2007-09-12	2007.697666
NODE_0000004	2008-03-08	2008.184466
NODE_0000005	2014-07-03	2014.502411
EPI912225|A/Hong_Kong/80/2017|2017	2017-01-02	2017.004110
NODE_0000007	2014-11-23	2014.895863
NODE_0000006	2016-06-22	2016.474447
EPI911852|A/Hong_Kong/2352/2016|2016	2016-08-03	2016.588798
EPI838853|A/Hong_Kong/2352/2016|2016	2016-08-03	2016.588798
NODE_0000009	2015-06-29	2015.491490
NODE_0000012	2015-09-19	2015.715880
EPI825146|A/Hong_Kong/1721/2016|2016	2016-05-16	2016.372951
EPI1331036|A/HK/412489/2016|2016	2016-02-18	2016.132514
NODE_0000011	2015-07-23	2015.558872
NODE_0000017	2015-07-23	2015.558872
EPI690893|A/Hong_Kong/15587/2015|2015	2015-10-08	2015.768493
NODE_0000020	2015-10-05	2015.758931
NODE_0000023	2015-10-06	2015.762119
EPI772035|A/Hong_Kong/95/2016|2016	2016-01-05	2016.012295
NODE_0000027	2015-10-07	2015.765306
EPI680406|A/Hong_Kong/15587/2015|2015	2015-10-08	2015.768493
NODE_0000031	2015-10-08	2015.768493
EPI675806|A/Hong_Kong/15587/2015|2015	2015-10-08	2015.768493
EPI791540|A/Hong_Kong/93/2016|2016	2016-01-05	2016.012295
NODE_0000003	2016-01-04	2016.009563
EPI742380|A/Hong_Kong/96/2016|2016	2016-01-04	2016.009563
NODE_0000000	2016-07-03	2016.503533
EPI858891|A/Hong_Kong/2395/2016|2016	2016-08-09	2016.605191
NODE_0000036	2016-08-04	2016.591530
EPI859187|A/Hong_Kong/2394/2016|2016	2016-08-04	2016.591530
NODE_0000041	2016-08-08	2016.602459
EPI838861|A/Hong_Kong/2369/2016|2016	2016-08-08	2016.602459
EPI880909|A/Hong_Kong/2369/2016|2016	2016-08-08	2016.602459
NODE_0000112	2015-10-16	2015.790464
EPI825130|A/Hong_Kong/1722/2016|2016	2016-05-16	2016.372951
EPI825312|A/Hong_Kong/1719/2016|2016	2016-05-17	2016.375683
NODE_0000116	2016-02-07	2016.103581
EPI825437|A/Hong_Kong/1717/2016|2016	2016-05-14	2016.367486
EPI825429|A/Hong_Kong/1682/2016|2016	2016-05-14	2016.367486
NODE_0000120	2015-11-25	2015.899402
EPI1078398|A/Hong_Kong/3649/2017|2017	2017-07-18	2017.543836
EPI1019931|A/Hong_Kong/2203/2017|2017	2017-05-19	2017.379452
NODE_0000117	2016-08-09	2016.605191
EPI859189|A/Hong_Kong/2397/2016|2016	2016-08-10	2016.607923
EPI880893|A/Hong_Kong/2396/2016|2016	2016-08-09	2016.605191
EPI838869|A/Hong_Kong/2396/2016|2016	2016-08-09	2016.605191
NODE_0000121	2016-08-31	2016.664233
EPI1019957|A/Hong_Kong/2248/2017|2017	2017-05-23	2017.390411
NODE_0000127	2017-02-20	2017.138713
EPI1019923|A/Hong_Kong/2181/2017|2017	2017-05-15	2017.368493
EPI1019939|A/Hong_Kong/2238/2017|2017	2017-05-19	2017.379452
NODE_0000129	2016-11-22	2016.893428
EPI982533|A/Hong_Kong/217/2017|2017	2017-01-07	2017.017808
EPI1019921|A/Hong_Kong/2180/2017|2017	2017-05-13	2017.363014
NODE_0000130	2017-04-12	2017.277379
EPI1019927|A/Hong_Kong/2200/2017|2017	2017-05-17	2017.373973
EPI1019955|A/Hong_Kong/2247/2017|2017	2017-05-22	2017.387671
NODE_0000032	2016-10-09	2016.771583
EPI982535|A/Hong_Kong/82/2017|2017	2017-01-02	2017.004110
NODE_0000050	2016-12-01	2016.917267
EPI1019919|A/Hong_Kong/2179/2017|2017	2017-05-15	2017.368493
EPI1019937|A/Hong_Kong/2215/2017|2017	2017-05-20	2017.382192
NODE_0000131	2016-10-28	2016.823537
NODE_0000135	2017-05-18	2017.376712
EPI1082166|A/Hong_Kong/2201/2017|2017	2017-05-18	2017.376712
EPI1019929|A/Hong_Kong/2201/2017|2017	2017-05-18	2017.376712
NODE_0000053	2017-01-08	2017.020100
NODE_0000136	2017-05-24	2017.393151
EPI1082178|A/Hong_Kong/2311/2017|2017	2017-05-24	2017.393151
EPI1019959|A/Hong_Kong/2311/2017|2017	2017-05-24	2017.393151
NODE_0000057	2017-01-09	2017.023288
EPI917125|A/Hong_Kong/219/2017|2017	2017-01-09	2017.023288
EPI912233|A/Hong_Kong/221/2017|2017	2017-01-09	2017.023288
NODE_0000137	2017-04-07	2017.263955
EPI1047108|A/Hong_Kong/3646/2017|2017	2017-07-16	2017.538356
EPI1047124|A/Hong_Kong/3650/2017|2017	2017-07-20	2017.549315
NODE_0000064	2017-05-15	2017.368493
EPI1019907|A/Hong_Kong/2111/2017|2017	2017-05-15	2017.368493
EPI1082160|A/Hong_Kong/2111/2017|2017	2017-05-15	2017.368493
NODE_0000141	2017-05-13	2017.363014
EPI1019911|A/Hong_Kong/2113/2017|2017	2017-05-13	2017.363014
EPI1082162|A/Hong_Kong/2113/2017|2017	2017-05-13	2017.363014
EPI1019913|A/Hong_Kong/2149/2017|2017	2017-05-13	2017.363014
NODE_0000013	2008-06-02	2008.418868
NODE_0000067	2014-02-21	2014.139868
NODE_0000021	2015-10-05	2015.760274
EPI676424|A/Hong_Kong/15581/2015|2015	2015-10-05	2015.760274
EPI680398|A/Hong_Kong/15581/2015|2015	2015-10-05	2015.760274
NODE_0000014	2014-06-16	2014.455364
EPI1608405|A/Hong_Kong/735/2016|2016	2016-02-21	2016.140710
NODE_0000015	2015-05-10	2015.354117
EPI838845|A/Hong_Kong/2318/2016|2016	2016-07-31	2016.580601
NODE_0000016	2016-08-06	2016.596830
NODE_0000072	2017-05-16	2017.371233
EPI1019925|A/Hong_Kong/2199/2017|2017	2017-05-16	2017.371233
EPI1082164|A/Hong_Kong/2199/2017|2017	2017-05-16	2017.371233
NODE_0000018	2016-09-12	2016.698323
EPI1047100|A/Hong_Kong/3648/2017|2017	2017-07-14	2017.532877
NODE_0000019	2017-01-09	2017.023288
EPI960225|A/Hong_Kong/223/2017|2017	2017-01-09	2017.023288
EPI912241|A/Hong_Kong/223/2017|2017	2017-01-09	2017.023288
NODE_0000022	2008-08-05	2008.594610
NODE_0000076	2013-07-31	2013.579160
EPI630634|A/Hong_Kong/12243/2015|2015	2015-06-14	2015.450685
NODE_0000024	2014-05-08	2014.348418
EPI630632|A/Hong_Kong/11688/2015|2015	2015-06-08	2015.434247
NODE_0000025	2015-04-30	2015.328502
EPI631482|A/Hong_Kong/11699/2015|2015	2015-06-07	2015.431507
EPI632378|A/Hong_Kong/11699/2015|2015	2015-06-07	2015.431507
NODE_0000026	2008-11-10	2008.858359
NODE_0000080	2011-07-06	2011.512074
NODE_0000081	2011-07-06	2011.512074
NODE_0000028	2015-01-23	2015.061644
EPI574459|A/Hong_Kong/8112398/2015|2015	2015-01-26	2015.069863
EPI574457|A/Hong_Kong/8111529/2015|2015	2015-01-23	2015.061644
NODE_0000029	2013-04-04	2013.255472
EPI500162|A/Hong_Kong/6030/2013|2013	2013-12-13	2013.949315
NODE_0000030	2013-09-19	2013.716438
EPI536991|A/Hong_Kong/5008/2013|2013	2013-09-19	2013.716438
EPI486628|A/Hong_Kong/5008/2013|2013	2013-09-19	2013.716438
NODE_0000093	2013-12-11	2013.943836
EPI537964|A/Hong_Kong/5958/2014|2014	2014-06-01	2014.415068
EPI500158|A/Hong_Kong/6015/2013|2013	2013-12-11	2013.943836
NODE_0000034	2012-09-29	2012.745026
NODE_0000035	2013-11-02	2013.836210
EPI500160|A/Hong_Kong/6019/2013|2013	2013-12-12	2013.946575
NODE_0000099	2013-12-06	2013.930137
EPI503815|A/Hong_Kong/5991/2013|2013	2013-12-06	2013.930137
EPI504761|A/Hong_Kong/5992/2013|2013	2013-12-06	2013.930137
NODE_0000037	2013-01-01	2013.002214
EPI486395|A/Hong_Kong/5640/2013|2013	2013-10-12	2013.779452
NODE_0000047	2013-12-01	2013.917488
NODE_0000048	2015-04-30	2015.326722
EPI631450|A/Hong_Kong/12244/2015|2015	2015-06-12	2015.445205
EPI632362|A/Hong_Kong/12244/2015|2015	2015-06-12	2015.445205
NODE_0000049	2014-08-25	2014.647945
EPI556972|A/Hong_Kong/7532/2014|2014	2014-10-01	2014.749315
NODE_0000104	2014-09-28	2014.741096
EPI556970|A/Hong_Kong/7531/2014|2014	2014-09-28	2014.741096
NODE_0000109	2014-10-11	2014.776712
EPI556974|A/Hong_Kong/7555/2014|2014	2014-10-11	2014.776712
NODE_0000110	2014-10-13	2014.782192
EPI565048|A/Hong_Kong/7561/2014|2014	2014-10-13	2014.782192
NODE_0000111	2014-10-20	2014.801370
EPI565040|A/Hong_Kong/7573/2014|2014	2014-10-23	2014.809589
EPI565024|A/Hong_Kong/7572/2014|2014	2014-10-20	2014.801370
NODE_0000038	2013-05-11	2013.358595
NODE_0000039	2015-05-20	2015.383181
EPI742372|A/Hong_Kong/94/2016|2016	2016-01-05	2016.012295
NODE_0000040	2015-10-26	2015.818673
EPI697713|A/Hong_Kong/90/2016|2016	2016-01-05	2016.012295
EPI697711|A/Hong_Kong/89/2016|2016	2016-01-04	2016.009563
EPI697709|A/Hong_Kong/88/2016|2016	2016-01-04	2016.009563
NODE_0000042	2014-04-12	2014.278453
EPI536261|A/Hong_Kong/6000/2014|2014	2014-06-08	2014.434247
NODE_0000118	2014-06-05	2014.426027
EPI537967|A/Hong_Kong/5994/2014|2014	2014-06-05	2014.426027
NODE_0000119	2014-06-07	2014.431059
EPI537942|A/Hong_Kong/5997/2014|2014	2014-06-07	2014.431507
NODE_0000122	2014-06-08	2014.434247
EPI536263|A/Hong_Kong/6110/2014|2014	2014-06-08	2014.434247
EPI536259|A/Hong_Kong/5999/2014|2014	2014-06-09	2014.436986
NODE_0000054	2008-12-29	2008.994071
NODE_0000055	2012-02-24	2012.150036
NODE_0000056	2013-03-25	2013.228767
EPI463651|A/Hong_Kong/1720/2013|2013	2013-03-25	2013.228767
EPI464623|A/Hong_Kong/1720/2013|2013	2013-03-25	2013.228767
NODE_0000058	2012-08-21	2012.637598
EPI463659|A/Hong_Kong/2026/2013|2013	2013-04-01	2013.247945
NODE_0000059	2012-10-03	2012.756824
NODE_0000060	2013-01-05	2013.012329
EPI417466|A/Hong_Kong/62/2013|2013	2013-01-05	2013.012329
EPI425978|A/Hong_Kong/62/2013|2013	2013-01-05	2013.012329
NODE_0000061	2013-03-24	2013.226027
EPI463654|A/Hong_Kong/1743/2013|2013	2013-03-24	2013.226027
EPI466553|A/Hong_Kong/1743/2013|2013	2013-03-24	2013.226027
NODE_0000062	2012-11-15	2012.872137
NODE_0000070	2013-02-15	2013.125754
EPI463657|A/Hong_Kong/1889/2013|2013	2013-04-01	2013.247945
EPI465105|A/Hong_Kong/1889/2013|2013	2013-04-01	2013.247945
NODE_0000063	2013-01-15	2013.040485
EPI463655|A/Hong_Kong/1766/2013|2013	2013-03-25	2013.228767
NODE_0000134	2013-03-30	2013.242466
EPI464629|A/Hong_Kong/1894/2013|2013	2013-03-30	2013.242466
EPI463658|A/Hong_Kong/1894/2013|2013	2013-03-30	2013.242466
NODE_0000095	2012-12-28	2012.991067
NODE_0000069	2013-03-23	2013.223288
EPI463652|A/Hong_Kong/1722/2013|2013	2013-03-23	2013.223288
EPI464625|A/Hong_Kong/1722/2013|2013	2013-03-23	2013.223288
NODE_0000138	2013-03-08	2013.182192
EPI463650|A/Hong_Kong/1299/2013|2013	2013-03-08	2013.182192
NODE_0000139	2013-03-22	2013.220548
EPI464627|A/Hong_Kong/1737/2013|2013	2013-03-22	2013.220548
EPI463653|A/Hong_Kong/1737/2013|2013	2013-03-22	2013.220548
NODE_0000071	2009-03-26	2009.231933
EPI302137|A/Hong_Kong/6931/2010|2010	2010-12-06	2010.930137
NODE_0000073	2010-07-12	2010.527753
EPI439312|A/Hong_Kong/9232/2012|2012	2012-12-18	2012.963115
NODE_0000074	2010-09-25	2010.734246
NODE_0000075	2011-12-14	2011.952055
EPI357927|A/Hong_Kong/5089/2011|2011	2011-12-14	2011.952055
EPI352297|A/Hong_Kong/5089/2011|2011	2011-12-14	2011.952055
NODE_0000077	2012-11-14	2012.871160
EPI417468|A/Hong_Kong/9204/2012|2012	2012-12-15	2012.954918
EPI425979|A/Hong_Kong/9204/2012|2012	2012-12-15	2012.954918
NODE_0000078	2012-03-18	2012.211208
EPI390473|A/Hong_Kong/5659/2012|2012	2012-05-21	2012.386612
EPI390475|A/Hong_Kong/6609/2012|2012	2012-05-30	2012.411202
NODE_0000147	2012-05-21	2012.386612
EPI382424|A/Hong_Kong/5659/2012|2012	2012-05-21	2012.386612
NODE_0000149	2012-05-28	2012.404827
EPI391291|A/Hong_Kong/6293/2012|2012	2012-05-29	2012.408470
NODE_0000150	2012-05-29	2012.408015
EPI382527|A/Hong_Kong/6293/2012|2012	2012-05-29	2012.408470
NODE_0000152	2012-05-30	2012.411202
EPI382560|A/Hong_Kong/6609/2012|2012	2012-05-30	2012.411202
NODE_0000159	2012-06-01	2012.416667
EPI382661|A/Hong_Kong/6747/2012|2012	2012-06-01	2012.416667
EPI390477|A/Hong_Kong/6747/2012|2012	2012-06-01	2012.416667
NODE_0000085	2009-04-30	2009.326762
NODE_0000086	2009-10-25	2009.813788
EPI439254|A/Hong_Kong/101/2013|2013	2013-01-05	2013.012329
NODE_0000087	2009-12-02	2009.920431
NODE_0000088	2010-06-10	2010.441051
EPI331207|A/Hong_Kong/3973/2011|2011	2011-06-21	2011.469863
NODE_0000089	2011-08-30	2011.662245
EPI382579|A/Hong_Kong/6610/2012|2012	2012-05-31	2012.413934
NODE_0000090	2012-06-06	2012.430328
EPI382668|A/Hong_Kong/7568/2012|2012	2012-06-06	2012.430328
EPI391288|A/Hong_Kong/7568/2012|2012	2012-06-06	2012.430328
NODE_0000091	2010-01-14	2010.036625
NODE_0000092	2011-06-20	2011.467123
EPI335810|A/Hong_Kong/3976/2011|2011	2011-06-30	2011.494521
EPI334724|A/Hong_Kong/3972/2011|2011	2011-06-20	2011.467123
EPI334722|A/Hong_Kong/3971/2011|2011	2011-06-20	2011.467123
NODE_0000094	2012-07-20	2012.550595
EPI417467|A/Hong_Kong/9259/2012|2012	2012-12-18	2012.963115
EPI439214|A/Hong_Kong/145/2013|2013	2013-01-10	2013.026027
NODE_0000096	2013-02-24	2013.148066
EPI463656|A/Hong_Kong/1778/2013|2013	2013-03-26	2013.231507
EPI464847|A/Hong_Kong/1778/2013|2013	2013-03-26	2013.231507
NODE_0000097	2009-06-06	2009.428699
NODE_0000098	2010-04-25	2010.312559
EPI332599|A/Hong_Kong/3962/2011|2011	2011-04-16	2011.289041
EPI1608407|A/Hong_Kong/2658/2012|2012	2012-05-02	2012.334699
NODE_0000100	2010-02-26	2010.153518
EPI273876|A/Hong_Kong/1880/2010|2010	2010-04-19	2010.297260
NODE_0000101	2010-06-09	2010.437537
EPI278860|A/Hong_Kong/2166/2010|2010	2010-07-13	2010.530137
EPI279893|A/Hong_Kong/2203/2010|2010	2010-07-14	2010.532877
NODE_0000102	2009-06-18	2009.462277
EPI278510|A/Hong_Kong/1881/2010|2010	2010-04-18	2010.294521
NODE_0000103	2009-07-23	2009.556459
EPI346726|A/Hong_Kong/3960/2011|2011	2011-04-21	2011.302740
EPI326206|A/Hong_Kong/3934/2011|2011	2011-03-29	2011.239726
NODE_0000105	2009-07-12	2009.526198
EPI280298|A/Hong_Kong/2172/2010|2010	2010-07-12	2010.527397
NODE_0000106	2009-10-14	2009.786205
NODE_0000107	2009-11-19	2009.884903
EPI278508|A/Hong_Kong/1886/2010|2010	2010-04-20	2010.300000
EPI279897|A/Hong_Kong/2213/2010|2010	2010-07-16	2010.538356
NODE_0000108	2010-03-10	2010.187426
EPI279891|A/Hong_Kong/2200/2010|2010	2010-07-14	2010.532877
EPI279895|A/Hong_Kong/2212/2010|2010	2010-07-16	2010.538356
NODE_0000184	2015-02-13	2015.120390
NODE_0000144	2015-09-07	2015.683595
NODE_0000145	2017-03-14	2017.198872
NODE_0000146	2017-05-19	2017.379452
EPI1082168|A/Hong_Kong/2239/2017|2017	2017-05-19	2017.379452
EPI1019941|A/Hong_Kong/2239/2017|2017	2017-05-19	2017.379452
NODE_0000188	2017-05-12	2017.360274
EPI1019901|A/Hong_Kong/2091/2017|2017	2017-05-12	2017.360274
EPI1019909|A/Hong_Kong/2112/2017|2017	2017-05-13	2017.363014
NODE_0000148	2017-03-02	2017.164938
EPI1019949|A/Hong_Kong/2244/2017|2017	2017-05-21	2017.384932
NODE_0000151	2017-05-21	2017.384932
EPI1082176|A/Hong_Kong/2245/2017|2017	2017-05-21	2017.384932
EPI1019951|A/Hong_Kong/2245/2017|2017	2017-05-21	2017.384932
NODE_0000191	2017-05-12	2017.360274
EPI1019905|A/Hong_Kong/2109/2017|2017	2017-05-12	2017.360274
EPI1082158|A/Hong_Kong/2109/2017|2017	2017-05-12	2017.360274
NODE_0000154	2015-06-29	2015.492715
NODE_0000155	2017-05-16	2017.371233
EPI1019917|A/Hong_Kong/2163/2017|2017	2017-05-16	2017.371233
EPI1019933|A/Hong_Kong/2213/2017|2017	2017-05-19	2017.379452
NODE_0000156	2015-10-18	2015.795360
NODE_0000157	2016-11-01	2016.833665
EPI1019915|A/Hong_Kong/2162/2017|2017	2017-05-15	2017.368493
NODE_0000158	2017-03-28	2017.237040
NODE_0000201	2017-05-10	2017.354795
EPI1019903|A/Hong_Kong/2106/2017|2017	2017-05-10	2017.354795
EPI1082156|A/Hong_Kong/2106/2017|2017	2017-05-10	2017.354795
NODE_0000160	2017-05-19	2017.379452
EPI1019935|A/Hong_Kong/2214/2017|2017	2017-05-19	2017.379452
EPI1082174|A/Hong_Kong/2243/2017|2017	2017-05-21	2017.384932
EPI1019947|A/Hong_Kong/2243/2017|2017	2017-05-21	2017.384932
NODE_0000162	2016-05-01	2016.332294
NODE_0000165	2017-06-05	2017.425854
EPI1267280|A/HK/1021/2018|2018	2018-06-01	2018.415068
EPI1107402|A/Hong_Kong/4792/2017|2017	2017-10-12	2017.779452
NODE_0000166	2016-07-10	2016.522460
EPI1107378|A/Hong_Kong/4790/2017|2017	2017-10-06	2017.763014
NODE_0000167	2017-12-12	2017.946575
EPI1202015|A/Hong_Kong/4997/2017|2017	2017-12-12	2017.946575
EPI1185776|A/Hong_Kong/4988/2017|2017	2017-12-16	2017.957534
NODE_0000161	2016-08-29	2016.659445
EPI1019953|A/Hong_Kong/2246/2017|2017	2017-05-23	2017.390411
NODE_0000163	2016-08-29	2016.659445
NODE_0000171	2018-04-09	2018.269863
EPI1252626|A/Hong_Kong/662/2018|2018	2018-04-09	2018.269863
EPI1252640|A/Hong_Kong/669/2018|2018	2018-04-09	2018.269863
NODE_0000169	2017-08-22	2017.639971
EPI1252644|A/Hong_Kong/671/2018|2018	2018-04-10	2018.272603
EPI1153776|A/Hong_Kong/4989/2017|2017	2017-12-17	2017.960274
NODE_0000172	2016-07-23	2016.557582
EPI1047116|A/Hong_Kong/3647/2017|2017	2017-07-18	2017.543836
NODE_0000185	2017-03-10	2017.188643
NODE_0000186	2017-09-16	2017.708895
EPI1140973|A/Hong_Kong/4821/2017|2017	2017-10-22	2017.806849
EPI1107434|A/Hong_Kong/4821/2017|2017	2017-10-22	2017.806849
NODE_0000187	2017-10-12	2017.779452
EPI1107394|A/Hong_Kong/4791/2017|2017	2017-10-12	2017.779452
EPI1107410|A/Hong_Kong/4807/2017|2017	2017-10-17	2017.793151
NODE_0000189	2017-05-20	2017.382192
EPI1082172|A/Hong_Kong/2242/2017|2017	2017-05-20	2017.382192
EPI1019945|A/Hong_Kong/2242/2017|2017	2017-05-20	2017.382192
EPI1082170|A/Hong_Kong/2240/2017|2017	2017-05-20	2017.382192
EPI1019943|A/Hong_Kong/2240/2017|2017	2017-05-20	2017.382192
NODE_0000174	2016-10-02	2016.752009
NODE_0000175	2017-10-31	2017.831442
EPI1197842|A/Hong_Kong/4974/2017|2017	2017-12-09	2017.938356
EPI1153771|A/Hong_Kong/4982/2017|2017	2017-12-12	2017.946575
NODE_0000176	2016-12-06	2016.930198
EPI1271955|A/Hong_Kong/1119/2018|2018	2018-06-17	2018.458904
NODE_0000177	2017-10-22	2017.806849
EPI1211294|A/Hong_Kong/4820/2017|2017	2017-10-22	2017.806849
EPI1107418|A/Hong_Kong/4820/2017|2017	2017-10-22	2017.806849
NODE_0000180	2016-10-30	2016.829740
NODE_0000181	2017-10-26	2017.819084
EPI1252628|A/Hong_Kong/663/2018|2018	2018-04-10	2018.272603
EPI2838221|A/Hong_Kong/CUHK1014/2018|2018	2018-11-02	2018.836986
NODE_0000182	2017-06-20	2017.466600
EPI1258078|A/HK/972/2018|2018	2018-05-19	2018.379452
NODE_0000183	2018-05-07	2018.346575
EPI1258070|A/HK/892/2018|2018	2018-05-07	2018.346575
EPI1258073|A/HK/913/2018|2018	2018-05-12	2018.360274
NODE_0000192	2017-08-15	2017.621157
EPI1353584|A/HK/3079/2018|2018	2018-11-30	2018.913699
EPI1252606|A/Hong_Kong/649/2018|2018	2018-04-08	2018.267123
EPI1252622|A/Hong_Kong/659/2018|2018	2018-04-06	2018.261644
NODE_0000195	2018-06-15	2018.453425
EPI1271943|A/Hong_Kong/1113/2018|2018	2018-06-15	2018.453425
EPI1278487|A/HK/1213/2018|2018	2018-07-07	2018.513699
NODE_0000197	2017-02-02	2017.089890
EPI1153773|A/Hong_Kong/4985/2017|2017	2017-12-19	2017.965753
NODE_0000198	2017-03-22	2017.219726
EPI2838317|A/Hong_Kong/CUHK1029/2018|2018	2018-12-04	2018.924658
NODE_0000199	2017-10-07	2017.767060
EPI1197993|A/Hong_Kong/4975/2017|2017	2017-12-10	2017.941096
NODE_0000200	2017-12-31	2017.997727
EPI2838533|A/Hong_Kong/CUHK1061/2019|2019	2019-03-18	2019.209589
EPI1252638|A/Hong_Kong/668/2018|2018	2018-04-10	2018.272603
NODE_0000229	2018-04-08	2018.266676
NODE_0000202	2018-07-20	2018.548361
EPI2838309|A/Hong_Kong/CUHK1028/2018|2018	2018-11-30	2018.913699
NODE_0000203	2018-12-28	2018.990411
EPI1353592|A/HK/124/2019|2019	2018-12-28	2018.990411
EPI1396479|A/Hong_Kong/124/2019|2019	2018-12-28	2018.990411
NODE_0000232	2018-11-14	2018.869863
EPI1415347|A/HK/458/2019|2019	2019-01-17	2019.045205
EPI1353577|A/HK/2767/2018|2018	2018-11-14	2018.869863
NODE_0000233	2018-04-09	2018.269863
EPI1252634|A/Hong_Kong/666/2018|2018	2018-04-09	2018.269863
NODE_0000234	2018-07-12	2018.528124
NODE_0000211	2018-10-05	2018.760274
EPI2838197|A/Hong_Kong/CUHK1011/2018|2018	2018-10-05	2018.760274
EPI2838149|A/Hong_Kong/CUHK1005/2018|2018	2018-10-17	2018.793151
NODE_0000236	2018-07-16	2018.539159
NODE_0000213	2018-10-09	2018.771233
EPI2838213|A/Hong_Kong/CUHK1013/2018|2018	2018-10-09	2018.771233
EPI2838133|A/Hong_Kong/CUHK1003/2018|2018	2018-10-16	2018.790411
NODE_0000238	2018-09-08	2018.686301
EPI1319586|A/HK/1889/2018|2018	2018-09-08	2018.686301
NODE_0000240	2018-09-15	2018.705479
EPI1319589|A/HK/2011/2018|2018	2018-09-15	2018.705479
EPI1319590|A/HK/2054/2018|2018	2018-09-19	2018.716438
NODE_0000214	2016-08-27	2016.654557
EPI1202147|A/Hong_Kong/4987/2017|2017	2017-12-15	2017.954795
NODE_0000217	2018-10-17	2018.793151
EPI2838157|A/Hong_Kong/CUHK1006/2018|2018	2018-10-18	2018.795890
EPI1324788|A/HK/2396/2018|2018	2018-10-17	2018.793151
NODE_0000218	2017-04-10	2017.272443
EPI1267283|A/HK/1066/2018|2018	2018-06-07	2018.431507
NODE_0000219	2017-07-11	2017.523590
EPI2838349|A/Hong_Kong/CUHK1033/2018|2018	2018-12-21	2018.971233
EPI1258072|A/HK/909/2018|2018	2018-05-09	2018.352055
NODE_0000221	2017-06-10	2017.438471
EPI1252632|A/Hong_Kong/665/2018|2018	2018-04-09	2018.269863
NODE_0000222	2017-07-23	2017.558586
EPI1266533|A/Hong_Kong/1128/2018|2018	2018-06-19	2018.464384
EPI1258071|A/HK/899/2018|2018	2018-05-06	2018.343836
EPI1252616|A/Hong_Kong/654/2018|2018	2018-04-08	2018.267123
NODE_0000223	2017-09-02	2017.669516
EPI2838269|A/Hong_Kong/CUHK1021/2018|2018	2018-11-20	2018.886301
NODE_0000224	2017-10-19	2017.799607
EPI1252600|A/Hong_Kong/645/2018|2018	2018-04-08	2018.267123
EPI1324786|A/HK/2333/2018|2018	2018-10-12	2018.779452
NODE_0000242	2018-04-07	2018.264384
EPI1252602|A/Hong_Kong/647/2018|2018	2018-04-07	2018.264384
EPI1252612|A/Hong_Kong/652/2018|2018	2018-04-07	2018.264384
EPI1252646|A/Hong_Kong/672/2018|2018	2018-04-10	2018.272603
NODE_0000252	2017-12-04	2017.925549
EPI1353589|A/HK/3307/2018|2018	2018-12-21	2018.971233
NODE_0000256	2017-12-06	2017.930135
NODE_0000257	2017-12-08	2017.934721
NODE_0000239	2018-04-09	2018.269863
EPI1252642|A/Hong_Kong/670/2018|2018	2018-04-09	2018.269863
EPI1258074|A/HK/931/2018|2018	2018-05-14	2018.365753
NODE_0000259	2017-12-09	2017.937908
EPI1252648|A/Hong_Kong/673/2018|2018	2018-04-10	2018.272603
NODE_0000260	2017-12-10	2017.941096
EPI1153767|A/Hong_Kong/4979/2017|2017	2017-12-10	2017.941096
EPI1197983|A/Hong_Kong/4978/2017|2017	2017-12-10	2017.941096
NODE_0000228	2018-05-31	2018.412329
EPI1267281|A/HK/1026/2018|2018	2018-05-31	2018.412329
NODE_0000262	2018-06-05	2018.425580
EPI1266645|A/Hong_Kong/1057/2018|2018	2018-06-06	2018.428767
NODE_0000263	2018-06-06	2018.428767
EPI1267292|A/HK/1057/2018|2018	2018-06-06	2018.428767
NODE_0000266	2018-06-10	2018.438383
EPI1267286|A/HK/1094/2018|2018	2018-06-11	2018.442466
NODE_0000268	2018-06-11	2018.441570
EPI1271939|A/Hong_Kong/1111/2018|2018	2018-06-13	2018.447945
NODE_0000269	2018-06-12	2018.444758
EPI1266549|A/Hong_Kong/1126/2018|2018	2018-06-16	2018.456164
NODE_0000270	2018-06-13	2018.447945
EPI1271937|A/Hong_Kong/1099/2018|2018	2018-06-13	2018.447945
EPI1271945|A/Hong_Kong/1114/2018|2018	2018-06-13	2018.447945
NODE_0000245	2017-06-16	2017.456529
EPI1153769|A/Hong_Kong/4981/2017|2017	2017-12-13	2017.949315
EPI1252624|A/Hong_Kong/661/2018|2018	2018-04-08	2018.267123
EPI1252620|A/Hong_Kong/658/2018|2018	2018-04-07	2018.264384
NODE_0000280	2018-09-03	2018.672603
EPI1319584|A/HK/1822/2018|2018	2018-09-03	2018.672603
EPI1319592|A/HK/1949/2018|2018	2018-09-11	2018.694521
NODE_0000277	2017-11-14	2017.870202
EPI1271963|A/Hong_Kong/1123/2018|2018	2018-06-18	2018.461644
NODE_0000278	2018-07-03	2018.502740
EPI1278485|A/HK/1179/2018|2018	2018-07-03	2018.502740
EPI1278488|A/HK/1237/2018|2018	2018-07-09	2018.519178
NODE_0000273	2018-04-17	2018.291397
EPI1267291|A/HK/1204/2018|2018	2018-06-29	2018.491781
NODE_0000274	2018-07-20	2018.549315
EPI1278501|A/HK/1367/2018|2018	2018-07-20	2018.549315
NODE_0000279	2018-08-01	2018.582192
EPI1315882|A/HK/1693/2018|2018	2018-08-22	2018.639726
EPI1315872|A/HK/1496/2018|2018	2018-08-01	2018.582192
NODE_0000264	2017-08-22	2017.639671
NODE_0000265	2018-06-20	2018.467123
EPI1266541|A/Hong_Kong/1127/2018|2018	2018-06-20	2018.467123
NODE_0000283	2018-06-28	2018.489041
EPI1278486|A/HK/1227/2018|2018	2018-07-06	2018.510959
EPI1267290|A/HK/1155/2018|2018	2018-06-28	2018.489041
NODE_0000267	2018-05-09	2018.352916
EPI1278502|A/HK/1360/2018|2018	2018-07-22	2018.554795
EPI1278496|A/HK/1359/2018|2018	2018-07-15	2018.535616
NODE_0000286	2018-07-11	2018.524658
EPI1315873|A/HK/1487/2018|2018	2018-08-02	2018.584932
EPI1278491|A/HK/1270/2018|2018	2018-07-11	2018.524658
NODE_0000246	2017-09-27	2017.739006
EPI1266621|A/Hong_Kong/1102/2018|2018	2018-06-13	2018.447945
EPI1271953|A/Hong_Kong/1118/2018|2018	2018-06-17	2018.458904
EPI1258077|A/HK/968/2018|2018	2018-05-20	2018.382192
NODE_0000250	2017-12-27	2017.987918
EPI1319582|A/HK/1811/2018|2018	2018-09-03	2018.672603
NODE_0000251	2018-05-24	2018.394014
EPI1278498|A/HK/1341/2018|2018	2018-07-17	2018.541096
NODE_0000293	2018-07-14	2018.532877
EPI1278495|A/HK/1302/2018|2018	2018-07-14	2018.532877
EPI1278500|A/HK/1354/2018|2018	2018-07-20	2018.549315
NODE_0000253	2018-05-27	2018.401486
NODE_0000254	2019-01-01	2019.001370
EPI1356151|A/Hong_Kong/110/2019|2019	2019-01-01	2019.001370
EPI1592769|A/Hong_Kong/110/2019|2019	2019-01-01	2019.001370
NODE_0000255	2018-09-01	2018.667860
EPI2838341|A/Hong_Kong/CUHK1032/2018|2018	2018-12-15	2018.954795
EPI1353581|A/HK/2986/2018|2018	2018-11-29	2018.910959
NODE_0000261	2018-11-25	2018.900000
EPI1353574|A/HK/2956/2018|2018	2018-11-25	2018.900000
EPI1371243|A/Hong_Kong/2956/2018|2018	2018-11-25	2018.900000
NODE_0000298	2018-10-30	2018.828767
EPI1324789|A/HK/2532/2018|2018	2018-10-30	2018.828767
NODE_0000299	2018-12-03	2018.921470
EPI1353582|A/HK/3063/2018|2018	2018-12-04	2018.924658
NODE_0000300	2018-12-04	2018.924658
EPI1588872|A/Hong_Kong/3063/2018|2018	2018-12-04	2018.924658
EPI1385297|A/Hong_Kong/3063/2018|2018	2018-12-04	2018.924658
NODE_0000281	2017-09-20	2017.719691
EPI1356157|A/Hong_Kong/95/2019|2019	2019-01-01	2019.001370
NODE_0000282	2018-06-13	2018.447945
EPI1266613|A/Hong_Kong/1103/2018|2018	2018-06-14	2018.450685
EPI1266629|A/Hong_Kong/1098/2018|2018	2018-06-13	2018.447945
NODE_0000285	2018-06-21	2018.470789
NODE_0000288	2018-10-29	2018.826027
EPI1353572|A/HK/2516/2018|2018	2018-11-01	2018.834247
EPI2838189|A/Hong_Kong/CUHK1010/2018|2018	2018-10-29	2018.826027
NODE_0000306	2018-09-11	2018.694521
EPI1319588|A/HK/1956/2018|2018	2018-09-11	2018.694521
NODE_0000307	2018-10-02	2018.752055
EPI1324780|A/HK/2252/2018|2018	2018-10-04	2018.757534
EPI2838117|A/Hong_Kong/CUHK1001/2018|2018	2018-10-02	2018.752055
NODE_0000289	2017-12-24	2017.978851
NODE_0000290	2018-05-24	2018.394440
EPI1278492|A/HK/1276/2018|2018	2018-07-12	2018.527397
EPI1315879|A/HK/1601/2018|2018	2018-08-14	2018.617808
NODE_0000291	2018-04-02	2018.250604
EPI1315884|A/HK/1754/2018|2018	2018-08-27	2018.653425
NODE_0000295	2018-08-22	2018.639147
EPI2838413|A/Hong_Kong/CUHK1043/2019|2019	2019-02-06	2019.100000
EPI1396487|A/Hong_Kong/109/2019|2019	2018-12-29	2018.993151
NODE_0000292	2018-09-11	2018.694521
EPI2838205|A/Hong_Kong/CUHK1012/2018|2018	2018-10-05	2018.760274
EPI1319593|A/HK/1951/2018|2018	2018-09-11	2018.694521
EPI1331037|A/HK/439315/2018|2018	2018-09-11	2018.694521
NODE_0000258	2018-05-28	2018.403461
EPI1315885|A/HK/1685/2018|2018	2018-08-22	2018.639726
NODE_0000271	2018-05-30	2018.410095
EPI1315883|A/HK/1698/2018|2018	2018-08-23	2018.642466
NODE_0000313	2018-08-18	2018.628767
EPI1315880|A/HK/1688/2018|2018	2018-08-18	2018.628767
NODE_0000314	2018-09-05	2018.678082
EPI1319583|A/HK/1820/2018|2018	2018-09-05	2018.678082
NODE_0000315	2018-09-09	2018.689041
EPI1319587|A/HK/1912/2018|2018	2018-09-09	2018.689041
EPI1324787|A/HK/2374/2018|2018	2018-10-17	2018.793151
NODE_0000302	2016-12-06	2016.929370
NODE_0000303	2017-08-28	2017.657259
EPI1278497|A/HK/1314/2018|2018	2018-07-16	2018.538356
EPI1258076|A/HK/959/2018|2018	2018-05-19	2018.379452
NODE_0000357	2018-02-21	2018.140475
EPI1258067|A/HK/877/2018|2018	2018-05-03	2018.335616
EPI1324777|A/HK/2179/2018|2018	2018-09-28	2018.741096
NODE_0000335	2017-11-29	2017.910602
EPI1315886|A/HK/1551/2018|2018	2018-08-11	2018.609589
NODE_0000336	2018-07-11	2018.525415
EPI1396495|A/Hong_Kong/107/2019|2019	2018-12-27	2018.987671
EPI1371233|A/Hong_Kong/103/2019|2019	2018-12-31	2018.998630
NODE_0000358	2018-02-10	2018.110148
EPI1252604|A/Hong_Kong/648/2018|2018	2018-04-07	2018.264384
NODE_0000322	2018-04-03	2018.253425
EPI1252618|A/Hong_Kong/657/2018|2018	2018-04-03	2018.253425
NODE_0000323	2018-04-07	2018.264384
EPI1252610|A/Hong_Kong/651/2018|2018	2018-04-07	2018.264384
NODE_0000324	2018-04-09	2018.269863
EPI1252636|A/Hong_Kong/667/2018|2018	2018-04-09	2018.269863
NODE_0000325	2018-05-06	2018.343836
EPI1258068|A/HK/880/2018|2018	2018-05-06	2018.343836
EPI1258075|A/HK/949/2018|2018	2018-05-17	2018.373973
NODE_0000305	2018-07-19	2018.546575
EPI1382618|A/Hong_Kong/99/2019|2019	2019-01-02	2019.004110
EPI1353580|A/HK/2869/2018|2018	2018-11-25	2018.900000
EPI1278499|A/HK/1347/2018|2018	2018-07-19	2018.546575
EPI2838301|A/Hong_Kong/CUHK1027/2018|2018	2018-11-30	2018.913699
NODE_0000327	2018-09-04	2018.676066
EPI2838285|A/Hong_Kong/CUHK1023/2018|2018	2018-11-25	2018.900000
NODE_0000328	2018-09-06	2018.680822
EPI2838229|A/Hong_Kong/CUHK1015/2018|2018	2018-11-02	2018.836986
EPI1319585|A/HK/1853/2018|2018	2018-09-06	2018.680822
NODE_0000337	2018-05-17	2018.374940
EPI1353586|A/HK/3180/2018|2018	2018-12-09	2018.938356
EPI1315878|A/HK/1586/2018|2018	2018-08-12	2018.612329
EPI1324776|A/HK/2177/2018|2018	2018-09-29	2018.743836
EPI1324784|A/HK/2299/2018|2018	2018-10-08	2018.768493
EPI2838173|A/Hong_Kong/CUHK1008/2018|2018	2018-10-23	2018.809589
NODE_0000338	2018-08-11	2018.610024
EPI1353573|A/HK/2592/2018|2018	2018-11-07	2018.850685
NODE_0000331	2018-10-21	2018.804110
EPI2838165|A/Hong_Kong/CUHK1007/2018|2018	2018-10-21	2018.804110
EPI2838237|A/Hong_Kong/CUHK1016/2018|2018	2018-11-03	2018.839726
NODE_0000294	2018-07-13	2018.530576
EPI2838357|A/Hong_Kong/CUHK1034/2018|2018	2018-12-24	2018.979452
NODE_0000332	2018-08-20	2018.634247
EPI1315881|A/HK/1673/2018|2018	2018-08-20	2018.634247
NODE_0000333	2018-10-02	2018.750712
EPI1324779|A/HK/2204/2018|2018	2018-10-02	2018.752055
NODE_0000334	2018-10-03	2018.753899
EPI1482070|A/Hong_Kong/2272/2018|2018	2018-10-05	2018.760274
NODE_0000339	2018-10-04	2018.757087
EPI1385305|A/Hong_Kong/2272/2018|2018	2018-10-05	2018.760274
NODE_0000340	2018-10-05	2018.760274
EPI1324791|A/HK/2272/2018|2018	2018-10-05	2018.760274
NODE_0000341	2018-10-11	2018.776712
EPI2838125|A/Hong_Kong/CUHK1002/2018|2018	2018-10-11	2018.776712
NODE_0000342	2018-10-17	2018.793151
EPI2838181|A/Hong_Kong/CUHK1009/2018|2018	2018-10-23	2018.809589
EPI2838141|A/Hong_Kong/CUHK1004/2018|2018	2018-10-17	2018.793151
NODE_0000363	2018-01-19	2018.051151
EPI1258069|A/HK/885/2018|2018	2018-05-05	2018.341096
NODE_0000364	2018-05-03	2018.336304
EPI2838277|A/Hong_Kong/CUHK1022/2018|2018	2018-11-22	2018.891781
NODE_0000377	2018-11-02	2018.837694
EPI1382626|A/Hong_Kong/97/2019|2019	2019-01-01	2019.001370
EPI2838253|A/Hong_Kong/CUHK1018/2018|2018	2018-11-09	2018.856164
NODE_0000378	2018-06-11	2018.442466
EPI1266573|A/Hong_Kong/1109/2018|2018	2018-06-11	2018.442466
EPI1271941|A/Hong_Kong/1112/2018|2018	2018-06-15	2018.453425
EPI1315876|A/HK/1531/2018|2018	2018-08-06	2018.595890
EPI1278490|A/HK/1254/2018|2018	2018-07-10	2018.521918
EPI1315877|A/HK/1620/2018|2018	2018-08-12	2018.612329
NODE_0000347	2018-07-13	2018.531259
EPI1324781|A/HK/2279/2018|2018	2018-10-06	2018.763014
NODE_0000348	2018-08-17	2018.627000
NODE_0000373	2018-11-07	2018.850685
EPI2838245|A/Hong_Kong/CUHK1017/2018|2018	2018-11-07	2018.850685
EPI2838365|A/Hong_Kong/CUHK1035/2018|2018	2018-12-03	2018.921918
NODE_0000350	2018-09-02	2018.670794
NODE_0000374	2018-11-23	2018.894521
EPI2838293|A/Hong_Kong/CUHK1026/2018|2018	2018-11-29	2018.910959
EPI1353579|A/HK/2826/2018|2018	2018-11-23	2018.894521
EPI1371237|A/Hong_Kong/108/2019|2019	2018-12-28	2018.990411
NODE_0000352	2018-09-20	2018.719178
EPI1319591|A/HK/2081/2018|2018	2018-09-20	2018.719178
NODE_0000353	2018-09-30	2018.746575
EPI1324778|A/HK/2192/2018|2018	2018-09-30	2018.746575
NODE_0000354	2018-10-08	2018.768046
EPI1324783|A/HK/2288/2018|2018	2018-10-08	2018.768493
NODE_0000355	2018-10-09	2018.771233
EPI1324785|A/HK/2313/2018|2018	2018-10-09	2018.771233
EPI1353576|A/HK/2642/2018|2018	2018-11-11	2018.861644
NODE_0000311	2018-03-01	2018.162814
EPI1266565|A/Hong_Kong/1124/2018|2018	2018-06-17	2018.458904
EPI1266637|A/Hong_Kong/1096/2018|2018	2018-06-12	2018.445205
EPI1252608|A/Hong_Kong/650/2018|2018	2018-04-09	2018.269863
EPI1315875|A/HK/1513/2018|2018	2018-08-06	2018.595890
NODE_0000359	2018-05-30	2018.410842
EPI1267282|A/HK/1055/2018|2018	2018-06-05	2018.426027
NODE_0000360	2018-06-01	2018.414029
EPI1266589|A/Hong_Kong/1107/2018|2018	2018-06-11	2018.442466
NODE_0000361	2018-06-02	2018.417217
EPI1267284|A/HK/1107/2018|2018	2018-06-11	2018.442466
NODE_0000362	2018-06-03	2018.420404
EPI1266581|A/Hong_Kong/1108/2018|2018	2018-06-11	2018.442466
NODE_0000365	2018-06-04	2018.423591
EPI1271935|A/Hong_Kong/1097/2018|2018	2018-06-12	2018.445205
NODE_0000366	2018-06-05	2018.426779
EPI1267285|A/HK/1092/2018|2018	2018-06-12	2018.445205
NODE_0000367	2018-06-06	2018.429966
EPI1266597|A/Hong_Kong/1105/2018|2018	2018-06-13	2018.447945
NODE_0000368	2018-06-08	2018.433154
EPI1266605|A/Hong_Kong/1104/2018|2018	2018-06-13	2018.447945
NODE_0000369	2018-06-09	2018.436341
EPI1271947|A/Hong_Kong/1115/2018|2018	2018-06-14	2018.450685
NODE_0000370	2018-06-10	2018.439528
EPI1271951|A/Hong_Kong/1117/2018|2018	2018-06-16	2018.456164
NODE_0000371	2018-06-11	2018.442716
EPI1271957|A/Hong_Kong/1120/2018|2018	2018-06-18	2018.461644
NODE_0000372	2018-06-13	2018.447497
NODE_0000375	2018-06-17	2018.458904
EPI1271949|A/Hong_Kong/1116/2018|2018	2018-06-17	2018.458904
EPI1267287|A/HK/1116/2018|2018	2018-06-17	2018.458904
NODE_0000376	2018-06-14	2018.450684
EPI1267289|A/HK/1140/2018|2018	2018-06-17	2018.458904
NODE_0000379	2018-06-16	2018.455269
NODE_0000380	2018-06-18	2018.461644
EPI1271961|A/Hong_Kong/1122/2018|2018	2018-06-18	2018.461644
EPI1271959|A/Hong_Kong/1121/2018|2018	2018-06-18	2018.461644
NODE_0000381	2018-06-17	2018.458456
EPI1315874|A/HK/1501/2018|2018	2018-08-03	2018.587671
NODE_0000387	2018-06-18	2018.461644
EPI1267288|A/HK/1121/2018|2018	2018-06-18	2018.461644
EPI1266557|A/Hong_Kong/1125/2018|2018	2018-06-18	2018.461644
NODE_0000382	2017-04-13	2017.280040
NODE_0000383	2018-03-01	2018.162364
EPI1252614|A/Hong_Kong/653/2018|2018	2018-04-08	2018.267123
EPI1252630|A/Hong_Kong/664/2018|2018	2018-04-10	2018.272603
NODE_0000384	2018-01-05	2018.012765
EPI2838381|A/Hong_Kong/CUHK1039/2019|2019	2019-01-17	2019.045205
NODE_0000385	2018-05-05	2018.341547
EPI2838605|A/Hong_Kong/CUHK1071/2019|2019	2019-03-09	2019.184932
EPI1324782|A/HK/2266/2018|2018	2018-10-06	2018.763014
NODE_0000386	2019-02-04	2019.094948
EPI2838932|A/Hong_Kong/CUHK1127/2019|2019	2019-10-25	2019.815068
EPI1686735|A/Hong_Kong/4708/2019|2019	2019-12-18	2019.963014
NODE_0000388	2018-08-24	2018.644092
EPI2838333|A/Hong_Kong/CUHK1031/2018|2018	2018-12-12	2018.946575
EPI1353585|A/HK/3243/2018|2018	2018-12-07	2018.932877
NODE_0000390	2018-10-04	2018.756394
EPI1353587|A/HK/3261/2018|2018	2018-12-18	2018.963014
EPI2838573|A/Hong_Kong/CUHK1067/2019|2019	2019-03-30	2019.242466
NODE_0000425	2018-07-27	2018.567334
EPI1843788|A/Hong_Kong/704/2020|2020	2020-03-13	2020.198087
NODE_0000426	2018-11-10	2018.858904
EPI2838429|A/Hong_Kong/CUHK1045/2019|2019	2019-02-02	2019.089041
EPI1353588|A/HK/3306/2018|2018	2018-12-19	2018.965753
EPI2838261|A/Hong_Kong/CUHK1019/2018|2018	2018-11-10	2018.858904
NODE_0000428	2019-05-24	2019.393206
EPI2838837|A/Hong_Kong/CUHK1114/2019|2019	2019-08-24	2019.645205
NODE_0000429	2019-07-15	2019.535616
EPI1588015|A/Hong_Kong/3029/2019|2019	2019-07-15	2019.535616
EPI1587970|A/Hong_Kong/3036/2019|2019	2019-07-16	2019.538356
EPI1588030|A/Hong_Kong/3027/2019|2019	2019-07-15	2019.535616
NODE_0000444	2018-07-07	2018.513411
EPI1382610|A/Hong_Kong/105/2019|2019	2019-01-01	2019.001370
EPI2838477|A/Hong_Kong/CUHK1054/2019|2019	2019-02-07	2019.102740
NODE_0000446	2018-08-23	2018.642388
EPI2838469|A/Hong_Kong/CUHK1052/2019|2019	2019-02-06	2019.100000
EPI2838557|A/Hong_Kong/CUHK1065/2019|2019	2019-03-02	2019.165753
NODE_0000407	2018-11-03	2018.838619
EPI2838389|A/Hong_Kong/CUHK1040/2019|2019	2019-01-08	2019.020548
EPI1415352|A/HK/949/2019|2019	2019-02-16	2019.127397
NODE_0000411	2018-12-17	2018.959351
EPI2838493|A/Hong_Kong/CUHK1056/2019|2019	2019-02-28	2019.160274
EPI2838517|A/Hong_Kong/CUHK1059/2019|2019	2019-03-19	2019.212329
NODE_0000349	2018-12-10	2018.941096
EPI2838325|A/Hong_Kong/CUHK1030/2018|2018	2018-12-10	2018.941096
NODE_0000406	2018-12-25	2018.981744
EPI1353583|A/HK/54/2019|2019	2018-12-26	2018.984932
NODE_0000408	2018-12-26	2018.984932
EPI1353591|A/HK/56/2019|2019	2018-12-26	2018.984932
NODE_0000409	2018-12-31	2018.998630
EPI1356155|A/Hong_Kong/94/2019|2019	2018-12-31	2018.998630
EPI2838373|A/Hong_Kong/CUHK1038/2019|2019	2019-01-15	2019.039726
NODE_0000393	2018-08-13	2018.614096
EPI2838661|A/Hong_Kong/CUHK1081/2019|2019	2019-05-19	2019.379452
EPI2838845|A/Hong_Kong/CUHK1116/2019|2019	2019-08-25	2019.647945
EPI1415353|A/HK/993/2019|2019	2019-02-18	2019.132877
NODE_0000404	2019-07-16	2019.538356
EPI1587999|A/Hong_Kong/3032/2019|2019	2019-07-16	2019.538356
EPI1645576|A/Hong_Kong/3032/2019|2019	2019-07-16	2019.538356
NODE_0000356	2018-10-23	2018.808954
NODE_0000394	2019-04-03	2019.252704
EPI2838645|A/Hong_Kong/CUHK1077/2019|2019	2019-05-14	2019.365753
NODE_0000413	2019-05-09	2019.352055
EPI2838637|A/Hong_Kong/CUHK1076/2019|2019	2019-05-09	2019.352055
EPI2838629|A/Hong_Kong/CUHK1075/2019|2019	2019-05-09	2019.352055
NODE_0000414	2018-12-17	2018.960758
EPI2838541|A/Hong_Kong/CUHK1062/2019|2019	2019-03-09	2019.184932
NODE_0000415	2018-12-19	2018.966368
NODE_0000402	2019-03-11	2019.190411
EPI2838525|A/Hong_Kong/CUHK1060/2019|2019	2019-03-14	2019.198630
EPI2838549|A/Hong_Kong/CUHK1064/2019|2019	2019-03-11	2019.190411
NODE_0000417	2019-05-07	2019.346575
EPI2838781|A/Hong_Kong/CUHK1103/2019|2019	2019-07-25	2019.563014
EPI2838613|A/Hong_Kong/CUHK1073/2019|2019	2019-05-07	2019.346575
NODE_0000452	2018-07-19	2018.547689
EPI2838461|A/Hong_Kong/CUHK1051/2019|2019	2019-02-24	2019.149315
EPI1371241|A/Hong_Kong/133/2019|2019	2018-12-31	2018.998630
NODE_0000462	2018-11-23	2018.894091
EPI1356149|A/Hong_Kong/106/2019|2019	2019-01-01	2019.001370
EPI1371239|A/Hong_Kong/127/2019|2019	2018-12-30	2018.995890
NODE_0000463	2019-04-02	2019.251820
EPI2838717|A/Hong_Kong/CUHK1092/2019|2019	2019-06-12	2019.445205
EPI2838725|A/Hong_Kong/CUHK1093/2019|2019	2019-06-06	2019.428767
NODE_0000389	2018-10-06	2018.762076
EPI1371235|A/Hong_Kong/104/2019|2019	2018-12-31	2018.998630
NODE_0000391	2018-10-08	2018.768988
EPI1396503|A/Hong_Kong/102/2019|2019	2018-12-30	2018.995890
NODE_0000392	2018-10-11	2018.777878
EPI1415346|A/HK/187/2019|2019	2019-01-04	2019.009589
NODE_0000395	2018-10-11	2018.778013
EPI1382602|A/Hong_Kong/111/2019|2019	2019-01-01	2019.001370
NODE_0000421	2018-11-15	2018.872603
EPI1353578|A/HK/2721/2018|2018	2018-11-15	2018.872603
NODE_0000422	2018-12-31	2018.998630
EPI1396519|A/Hong_Kong/101/2019|2019	2018-12-31	2018.998630
EPI2838453|A/Hong_Kong/CUHK1049/2019|2019	2019-02-13	2019.119178
NODE_0000398	2018-07-17	2018.539833
EPI1356153|A/Hong_Kong/134/2019|2019	2019-01-02	2019.004110
NODE_0000399	2018-07-23	2018.557629
NODE_0000400	2018-08-21	2018.636377
EPI2838437|A/Hong_Kong/CUHK1046/2019|2019	2019-02-01	2019.086301
NODE_0000401	2018-08-23	2018.643078
NODE_0000420	2019-02-01	2019.086301
EPI1415350|A/HK/757/2019|2019	2019-02-01	2019.086301
NODE_0000396	2019-02-18	2019.132877
EPI2838445|A/Hong_Kong/CUHK1047/2019|2019	2019-02-18	2019.132877
NODE_0000397	2019-03-12	2019.193151
EPI2838589|A/Hong_Kong/CUHK1069/2019|2019	2019-03-12	2019.193151
EPI2838565|A/Hong_Kong/CUHK1066/2019|2019	2019-03-22	2019.220548
NODE_0000423	2018-10-21	2018.805271
EPI1415345|A/HK/400/2019|2019	2019-01-14	2019.036986
NODE_0000424	2018-10-26	2018.818836
EPI1415349|A/HK/508/2019|2019	2019-01-19	2019.050685
NODE_0000427	2018-11-25	2018.898656
NODE_0000448	2019-06-02	2019.419093
EPI2838856|A/Hong_Kong/CUHK1117/2019|2019	2019-09-04	2019.675342
NODE_0000449	2019-12-02	2019.919178
EPI1670424|A/Hong_Kong/4429/2019|2019	2019-12-04	2019.924658
EPI1670418|A/Hong_Kong/4413/2019|2019	2019-12-02	2019.919178
NODE_0000430	2018-11-26	2018.901844
EPI1415354|A/HK/1070/2019|2019	2019-02-19	2019.135616
NODE_0000431	2018-11-27	2018.905032
EPI2838421|A/Hong_Kong/CUHK1044/2019|2019	2019-02-27	2019.157534
NODE_0000432	2018-11-28	2018.908219
EPI1353575|A/HK/2969/2018|2018	2018-11-28	2018.908219
NODE_0000433	2018-12-23	2018.976712
EPI1353590|A/HK/55/2019|2019	2018-12-23	2018.976712
NODE_0000434	2018-12-31	2018.998182
EPI1396511|A/Hong_Kong/100/2019|2019	2018-12-31	2018.998630
NODE_0000435	2019-01-01	2019.001370
EPI1356159|A/Hong_Kong/98/2019|2019	2019-01-01	2019.001370
NODE_0000436	2019-01-20	2019.053425
EPI1415348|A/HK/507/2019|2019	2019-01-20	2019.053425
NODE_0000437	2019-01-22	2019.058904
EPI2838405|A/Hong_Kong/CUHK1042/2019|2019	2019-01-22	2019.058904
NODE_0000438	2019-01-25	2019.067123
EPI2838397|A/Hong_Kong/CUHK1041/2019|2019	2019-01-25	2019.067123
NODE_0000439	2019-02-03	2019.091781
EPI1415351|A/HK/925/2019|2019	2019-02-03	2019.091781
NODE_0000440	2019-02-11	2019.113699
EPI2838485|A/Hong_Kong/CUHK1055/2019|2019	2019-02-11	2019.113699
NODE_0000441	2019-03-03	2019.168493
EPI2838581|A/Hong_Kong/CUHK1068/2019|2019	2019-03-12	2019.193151
EPI2838597|A/Hong_Kong/CUHK1070/2019|2019	2019-03-03	2019.168493
NODE_0000465	2018-10-12	2018.778932
EPI2838509|A/Hong_Kong/CUHK1058/2019|2019	2019-03-10	2019.187671
NODE_0000467	2019-05-20	2019.382192
EPI2838693|A/Hong_Kong/CUHK1087/2019|2019	2019-05-24	2019.393151
EPI2838677|A/Hong_Kong/CUHK1083/2019|2019	2019-05-20	2019.382192
NODE_0000468	2019-01-26	2019.070347
EPI1670426|A/Hong_Kong/4430/2019|2019	2019-12-04	2019.924658
NODE_0000472	2019-05-22	2019.387395
EPI2838701|A/Hong_Kong/CUHK1090/2019|2019	2019-06-14	2019.450685
EPI2838709|A/Hong_Kong/CUHK1091/2019|2019	2019-06-17	2019.458904
NODE_0000510	2019-06-17	2019.458904
EPI1542987|A/Hong_Kong/2662/2019|2019	2019-06-17	2019.458904
EPI1575045|A/Hong_Kong/2662/2019|2019	2019-06-17	2019.458904
NODE_0000514	2019-03-21	2019.218724
EPI2838916|A/Hong_Kong/CUHK1124/2019|2019	2019-10-22	2019.806849
EPI1670420|A/Hong_Kong/4414/2019|2019	2019-12-02	2019.919178
NODE_0000516	2019-03-09	2019.185170
EPI1670410|A/Hong_Kong/4387/2019|2019	2019-12-01	2019.916438
NODE_0000517	2019-07-14	2019.533917
EPI2838948|A/Hong_Kong/CUHK1129/2019|2019	2019-10-31	2019.831507
EPI2838924|A/Hong_Kong/CUHK1126/2019|2019	2019-10-24	2019.812329
NODE_0000473	2019-05-31	2019.413561
EPI1843786|A/Hong_Kong/700/2020|2020	2020-03-08	2020.184426
EPI2838829|A/Hong_Kong/CUHK1112/2019|2019	2019-08-22	2019.639726
EPI1587984|A/Hong_Kong/3034/2019|2019	2019-07-16	2019.538356
NODE_0000451	2019-06-30	2019.494521
EPI2838741|A/Hong_Kong/CUHK1095/2019|2019	2019-06-30	2019.494521
NODE_0000453	2019-07-16	2019.538356
EPI1587991|A/Hong_Kong/3033/2019|2019	2019-07-16	2019.538356
EPI1670408|A/Hong_Kong/4372/2019|2019	2019-11-28	2019.908219
NODE_0000518	2019-04-29	2019.323692
EPI1686694|A/Hong_Kong/4698/2019|2019	2019-12-23	2019.976712
EPI2838884|A/Hong_Kong/CUHK1120/2019|2019	2019-09-29	2019.743836
EPI1670416|A/Hong_Kong/4395/2019|2019	2019-12-01	2019.916438
EPI1686674|A/Hong_Kong/4701/2019|2019	2019-12-21	2019.971233
NODE_0000527	2019-12-18	2019.963014
EPI1812730|A/Hong_Kong/4707/2019|2019	2019-12-18	2019.963014
EPI1686742|A/Hong_Kong/4707/2019|2019	2019-12-18	2019.963014
NODE_0000528	2019-07-10	2019.522454
EPI2838813|A/Hong_Kong/CUHK1110/2019|2019	2019-08-18	2019.628767
EPI2838805|A/Hong_Kong/CUHK1107/2019|2019	2019-08-12	2019.612329
NODE_0000519	2019-09-23	2019.728596
EPI1670428|A/Hong_Kong/4431/2019|2019	2019-12-04	2019.924658
NODE_0000520	2019-12-21	2019.971233
EPI1812746|A/Hong_Kong/4714/2019|2019	2019-12-21	2019.971233
EPI1686619|A/Hong_Kong/4714/2019|2019	2019-12-21	2019.971233
EPI1686750|A/Hong_Kong/4703/2019|2019	2019-12-22	2019.973973
NODE_0000530	2019-09-18	2019.714804
EPI2838940|A/Hong_Kong/CUHK1128/2019|2019	2019-10-26	2019.817808
NODE_0000460	2019-10-20	2019.800922
EPI2838956|A/Hong_Kong/CUHK1130/2019|2019	2019-10-20	2019.801370
NODE_0000461	2019-10-21	2019.804110
EPI1686758|A/Hong_Kong/4702/2019|2019	2019-12-22	2019.973973
EPI2838908|A/Hong_Kong/CUHK1123/2019|2019	2019-10-21	2019.804110
NODE_0000442	2019-04-24	2019.311773
EPI1588022|A/Hong_Kong/3030/2019|2019	2019-07-15	2019.535616
NODE_0000443	2019-05-06	2019.342940
EPI2838797|A/Hong_Kong/CUHK1106/2019|2019	2019-08-02	2019.584932
NODE_0000445	2019-05-07	2019.346128
EPI2838821|A/Hong_Kong/CUHK1111/2019|2019	2019-08-21	2019.636986
NODE_0000447	2019-05-08	2019.349315
EPI2838621|A/Hong_Kong/CUHK1074/2019|2019	2019-05-08	2019.349315
NODE_0000464	2019-05-16	2019.371233
EPI2838653|A/Hong_Kong/CUHK1079/2019|2019	2019-05-16	2019.371233
NODE_0000466	2019-05-19	2019.379004
EPI2838685|A/Hong_Kong/CUHK1084/2019|2019	2019-05-20	2019.382192
NODE_0000469	2019-05-20	2019.382192
EPI2838669|A/Hong_Kong/CUHK1082/2019|2019	2019-05-20	2019.382192
NODE_0000470	2019-06-02	2019.416965
EPI2838773|A/Hong_Kong/CUHK1101/2019|2019	2019-06-11	2019.442466
NODE_0000471	2019-06-03	2019.420152
EPI2838733|A/Hong_Kong/CUHK1094/2019|2019	2019-06-11	2019.442466
NODE_0000474	2019-06-04	2019.423340
EPI2838757|A/Hong_Kong/CUHK1099/2019|2019	2019-06-17	2019.458904
NODE_0000475	2019-06-05	2019.426527
EPI1542985|A/Hong_Kong/2661/2019|2019	2019-06-17	2019.458904
NODE_0000476	2019-06-06	2019.429714
EPI1575043|A/Hong_Kong/2661/2019|2019	2019-06-17	2019.458904
NODE_0000477	2019-06-08	2019.432902
EPI2838749|A/Hong_Kong/CUHK1098/2019|2019	2019-06-17	2019.458904
NODE_0000478	2019-06-09	2019.437487
NODE_0000479	2019-06-17	2019.458456
NODE_0000480	2019-06-18	2019.461644
EPI1575035|A/Hong_Kong/2657/2019|2019	2019-06-18	2019.461644
EPI1542979|A/Hong_Kong/2658/2019|2019	2019-06-18	2019.461644
NODE_0000481	2019-06-18	2019.461644
EPI1542973|A/Hong_Kong/2655/2019|2019	2019-06-18	2019.461644
EPI1542977|A/Hong_Kong/2657/2019|2019	2019-06-18	2019.461644
NODE_0000482	2019-06-10	2019.440674
EPI1575037|A/Hong_Kong/2658/2019|2019	2019-06-18	2019.461644
NODE_0000483	2019-06-12	2019.443862
EPI1575031|A/Hong_Kong/2655/2019|2019	2019-06-18	2019.461644
NODE_0000484	2019-06-13	2019.447049
EPI1592784|A/Hong_Kong/2660/2019|2019	2019-06-19	2019.464384
NODE_0000485	2019-06-14	2019.450236
EPI1575039|A/Hong_Kong/2659/2019|2019	2019-06-19	2019.464384
NODE_0000486	2019-06-15	2019.453424
EPI1575041|A/Hong_Kong/2660/2019|2019	2019-06-19	2019.464384
NODE_0000487	2019-06-17	2019.458009
NODE_0000488	2019-06-19	2019.464384
EPI1542975|A/Hong_Kong/2656/2019|2019	2019-06-19	2019.464384
EPI1542981|A/Hong_Kong/2659/2019|2019	2019-06-19	2019.464384
NODE_0000489	2019-06-18	2019.461196
EPI1575033|A/Hong_Kong/2656/2019|2019	2019-06-19	2019.464384
NODE_0000490	2019-06-19	2019.464384
EPI1542983|A/Hong_Kong/2660/2019|2019	2019-06-19	2019.464384
NODE_0000491	2019-06-22	2019.472603
EPI2838765|A/Hong_Kong/CUHK1100/2019|2019	2019-06-22	2019.472603
NODE_0000492	2019-07-03	2019.502740
EPI2838789|A/Hong_Kong/CUHK1105/2019|2019	2019-07-03	2019.502740
NODE_0000493	2019-07-15	2019.534721
EPI1588038|A/Hong_Kong/3028/2019|2019	2019-07-15	2019.535616
NODE_0000494	2019-07-16	2019.537908
EPI1588007|A/Hong_Kong/3031/2019|2019	2019-07-16	2019.538356
NODE_0000495	2019-07-17	2019.541096
EPI1587978|A/Hong_Kong/3035/2019|2019	2019-07-17	2019.541096
NODE_0000496	2019-08-03	2019.587671
EPI1604911|A/HK/3327/2019|2019	2019-08-03	2019.587671
NODE_0000497	2019-09-22	2019.724658
EPI2838898|A/Hong_Kong/CUHK1121/2019|2019	2019-10-10	2019.773973
EPI2838870|A/Hong_Kong/CUHK1118/2019|2019	2019-09-22	2019.724658
NODE_0000533	2018-07-09	2018.519392
EPI2838501|A/Hong_Kong/CUHK1057/2019|2019	2019-02-22	2019.143836
EPI1670430|A/Hong_Kong/4432/2019|2019	2019-12-04	2019.924658
NODE_0000535	2019-06-07	2019.432001
NODE_0000500	2019-09-26	2019.736556
EPI1843792|A/Hong_Kong/708/2020|2020	2020-03-18	2020.211749
EPI1843794|A/Hong_Kong/710/2020|2020	2020-03-13	2020.198087
NODE_0000539	2019-11-27	2019.905479
EPI1670422|A/Hong_Kong/4416/2019|2019	2019-12-03	2019.921918
EPI1670412|A/Hong_Kong/4388/2019|2019	2019-12-01	2019.916438
EPI1670868|A/Hong_Kong/4380/2019|2019	2019-11-27	2019.905479
NODE_0000541	2019-09-04	2019.674434
NODE_0000549	2019-11-30	2019.913699
EPI1745772|A/Hong_Kong/4394/2019|2019	2019-11-30	2019.913699
EPI1806995|A/Hong_Kong/4394/2019|2019	2019-11-30	2019.913699
NODE_0000552	2019-11-12	2019.863330
EPI1843790|A/Hong_Kong/707/2020|2020	2020-03-13	2020.198087
NODE_0000498	2019-12-22	2019.973973
EPI1812738|A/Hong_Kong/4713/2019|2019	2019-12-22	2019.973973
EPI1812722|A/Hong_Kong/4700/2019|2019	2019-12-22	2019.973973
NODE_0000542	2019-10-20	2019.800739
EPI1812754|A/Hong_Kong/4715/2019|2019	2019-12-21	2019.971233
EPI1686718|A/Hong_Kong/4715/2019|2019	2019-12-21	2019.971233
NODE_0000543	2019-11-23	2019.895144
EPI1812714|A/Hong_Kong/4593/2019|2019	2019-12-16	2019.957534
EPI1686790|A/Hong_Kong/4593/2019|2019	2019-12-16	2019.957534
NODE_0000507	2019-11-30	2019.913699
EPI1670414|A/Hong_Kong/4394/2019|2019	2019-11-30	2019.913699
NODE_0000508	2019-12-13	2019.948867
EPI1806414|A/Hong_Kong/4592/2019|2019	2019-12-14	2019.952055
NODE_0000509	2019-12-14	2019.952055
EPI1686798|A/Hong_Kong/4592/2019|2019	2019-12-14	2019.952055
NODE_0000511	2019-12-22	2019.973973
EPI1686774|A/Hong_Kong/4700/2019|2019	2019-12-22	2019.973973
EPI1686727|A/Hong_Kong/4713/2019|2019	2019-12-22	2019.973973
NODE_0000554	2020-06-01	2020.417339
NODE_0000555	2022-11-27	2022.905479
EPI2318986|A/HongKong/36/2022|2022	2022-11-28	2022.908219
EPI2367442|A/Hong_Kong/35/2022|2022	2022-11-27	2022.905479
NODE_0000556	2020-07-07	2020.514581
EPI2367402|A/Hong_Kong/29/2022|2022	2022-11-17	2022.878082
NODE_0000557	2020-10-05	2020.759919
NODE_0000558	2021-12-09	2021.937373
NODE_0000559	2022-11-13	2022.867447
NODE_0000560	2023-05-09	2023.351993
EPI2982466|A/HongKong/2892/2023|2023	2023-11-13	2023.867123
NODE_0000561	2023-07-05	2023.508219
EPI2745328|A/HongKong/1475/2023|2023	2023-07-07	2023.513699
EPI2716424|A/Hong_Kong/1504/2023|2023	2023-07-05	2023.508219
NODE_0000562	2023-01-15	2023.039713
EPI2745330|A/HongKong/1432/2023|2023	2023-07-04	2023.505479
EPI2745329|A/HongKong/1502/2023|2023	2023-07-07	2023.513699
EPI2716447|A/Hong_Kong/1507/2023|2023	2023-07-07	2023.513699
NODE_0000565	2023-04-13	2023.279997
NODE_0000566	2023-07-08	2023.516438
EPI2745326|A/HongKong/1514/2023|2023	2023-07-08	2023.516438
EPI2716479|A/Hong_Kong/1506/2023|2023	2023-07-10	2023.521918
NODE_0000523	2023-06-25	2023.481982
EPI2745331|A/HongKong/1430/2023|2023	2023-07-03	2023.502740
NODE_0000568	2023-10-05	2023.759910
EPI2982426|A/HongKong/2891/2023|2023	2023-11-11	2023.861644
EPI2982338|A/HongKong/2961/2023|2023	2023-11-20	2023.886301
NODE_0000569	2022-05-21	2022.385327
EPI2745327|A/HongKong/1510/2023|2023	2023-07-07	2023.513699
NODE_0000572	2023-11-11	2023.861644
EPI3094900|A/Hong_Kong/2893/2023|2023	2023-11-11	2023.861644
EPI2927943|A/Hong_Kong/2893/2023|2023	2023-11-11	2023.861644
NODE_0000581	2022-10-18	2022.797109
NODE_0000582	2022-12-29	2022.993958
EPI3360868|A/Hong_Kong/EPI0351/2023|2023	2023-11-17	2023.878082
EPI2982838|A/HongKong/2942/2023|2023	2023-11-15	2023.872603
NODE_0000583	2024-09-19	2024.718469
EPI3743850|A/Hong_Kong/2931/2024|2024	2024-12-03	2024.922131
NODE_0000584	2024-12-28	2024.990016
EPI3852284|A/Hong_Kong/149/2025|2025	2025-01-07	2025.017808
EPI4177236|A/Hong_Kong/HKU-250324-001/2025|2025	2025-01-23	2025.061644
NODE_0000531	2024-11-21	2024.889344
EPI3721527|A/Hong_Kong/2882/2024|2024	2024-11-21	2024.889344
EPI3822017|A/Hong_Kong/8383/2024|2024	2024-11-21	2024.889344
NODE_0000573	2022-10-18	2022.794783
EPI2927360|A/Hong_Kong/3074/2023|2023	2023-11-22	2023.891781
NODE_0000574	2022-12-20	2022.968045
EPI2982862|A/HongKong/2886/2023|2023	2023-11-08	2023.853425
NODE_0000575	2023-06-06	2023.428138
NODE_0000578	2023-11-15	2023.872603
EPI3094908|A/Hong_Kong/2941/2023|2023	2023-11-15	2023.872603
EPI2927052|A/Hong_Kong/2941/2023|2023	2023-11-15	2023.872603
NODE_0000579	2023-11-17	2023.878082
EPI3094932|A/Hong_Kong/2960/2023|2023	2023-11-17	2023.878082
EPI2927281|A/Hong_Kong/2960/2023|2023	2023-11-17	2023.878082
NODE_0000537	2023-11-09	2023.856164
EPI2985948|A/Hong_Kong/2870/2023|2023	2023-11-09	2023.856164
EPI3094924|A/Hong_Kong/2870/2023|2023	2023-11-09	2023.856164
NODE_0000587	2023-07-09	2023.519178
EPI2716487|A/Hong_Kong/1511/2023|2023	2023-07-09	2023.519178
NODE_0000588	2024-03-16	2024.207361
NODE_0000617	2024-08-03	2024.588464
EPI3570425|A/Hong_Kong/2544/2024|2024	2024-09-02	2024.670765
NODE_0000618	2024-09-24	2024.730874
EPI3626892|A/Hong_Kong/2757/2024|2024	2024-10-03	2024.755464
EPI3610183|A/Hong_Kong/2714/2024|2024	2024-09-24	2024.730874
EPI3610191|A/Hong_Kong/2717/2024|2024	2024-09-25	2024.733607
NODE_0000589	2024-12-05	2024.926442
EPI4841026|A/Hong_Kong/RFL-272/2025|2025	2025-07-08	2025.516438
EPI4883697|A/Hong_Kong/ST226064/2025|2025	2025-09-03	2025.672603
EPI4948421|A/Hong_Kong/1735/2025|2025	2025-12-12	2025.946575
NODE_0000590	2025-06-24	2025.478172
EPI4592232|A/Hong_Kong/HKU-250801-004/2025|2025	2025-07-09	2025.519178
EPI4634194|A/Hong_Kong/HKU-250827-001/2025|2025	2025-07-30	2025.576712
NODE_0000595	2025-07-23	2025.558635
EPI4731470|A/Hong_Kong/1353/2025|2025	2025-09-10	2025.691781
EPI4832195|A/Hong_Kong/1581/2025|2025	2025-10-30	2025.828767
NODE_0000597	2025-06-10	2025.438480
EPI4679813|A/Hong_Kong/HKU-250915-002/2025|2025	2025-08-16	2025.623288
EPI4673573|A/Hong_Kong/1299/2025|2025	2025-08-21	2025.636986
EPI4740518|A/Hong_Kong/1362/2025|2025	2025-09-11	2025.694521
EPI4851301|A/Hong_Kong/RF-328/2025|2025	2025-08-30	2025.661644
NODE_0000600	2025-04-26	2025.316360
EPI4802915|A/Hong_Kong/HKU-251121-011/2025|2025	2025-10-17	2025.793151
EPI4802891|A/Hong_Kong/HKU-251121-008/2025|2025	2025-10-14	2025.784932
EPI4679821|A/Hong_Kong/HKU-250915-003/2025|2025	2025-08-21	2025.636986
EPI4673551|A/Hong_Kong/1268/2025|2025	2025-08-15	2025.620548
EPI4851278|A/Hong_Kong/RF-324/2025|2025	2025-08-28	2025.656164
NODE_0000603	2025-06-26	2025.483669
EPI4883648|A/Hong_Kong/EPI1319/2025|2025	2025-10-14	2025.784932
EPI4753281|A/Hong_Kong/HKU-251014-007/2025|2025	2025-09-22	2025.724658
NODE_0000544	2025-06-05	2025.425053
EPI4841852|A/Hong_Kong/RFL-322/2025|2025	2025-08-28	2025.656164
NODE_0000548	2025-07-23	2025.557087
EPI4642625|A/Hong_Kong/1160/2025|2025	2025-07-23	2025.557534
NODE_0000550	2025-07-24	2025.560274
EPI4642700|A/Hong_Kong/1203/2025|2025	2025-07-24	2025.560274
NODE_0000551	2025-08-07	2025.598182
EPI4841178|A/Hong_Kong/RFL-293/2025|2025	2025-08-07	2025.598630
NODE_0000553	2025-08-08	2025.601370
EPI4841427|A/Hong_Kong/RFL-294/2025|2025	2025-08-08	2025.601370
NODE_0000563	2025-08-10	2025.606849
EPI4841492|A/Hong_Kong/RFL-299/2025|2025	2025-08-10	2025.606849
NODE_0000564	2025-08-20	2025.634247
EPI4841788|A/Hong_Kong/RFL-308/2025|2025	2025-08-20	2025.634247
NODE_0000567	2025-08-22	2025.639726
EPI4673581|A/Hong_Kong/1300/2025|2025	2025-08-22	2025.639726
NODE_0000570	2025-09-01	2025.667123
EPI4731479|A/Hong_Kong/1355/2025|2025	2025-09-05	2025.678082
EPI4731487|A/Hong_Kong/1356/2025|2025	2025-09-01	2025.667123
NODE_0000620	2024-04-24	2024.311652
EPI3610199|A/Hong_Kong/2719/2024|2024	2024-09-26	2024.736339
NODE_0000622	2024-06-22	2024.472807
EPI4177243|A/Hong_Kong/HKU-250324-002/2025|2025	2025-01-23	2025.061644
EPI4238118|A/Hong_Kong/697/2025|2025	2025-03-02	2025.165753
NODE_0000624	2024-11-18	2024.881040
EPI4642258|A/Hong_Kong/1007/2025|2025	2025-05-08	2025.349315
NODE_0000625	2025-07-16	2025.537608
EPI4915579|A/Hong_Kong/1694/2025|2025	2025-11-30	2025.913699
EPI4915587|A/Hong_Kong/1614/2025|2025	2025-11-13	2025.867123
NODE_0000626	2024-06-12	2024.446816
EPI4642157|A/Hong_Kong/957/2025|2025	2025-04-14	2025.283562
EPI4642374|A/Hong_Kong/1046/2025|2025	2025-05-31	2025.412329
EPI4608354|A/Hong_Kong/RFL-237/2025|2025	2025-04-02	2025.250685
NODE_0000657	2024-09-09	2024.689261
EPI4851424|A/Hong_Kong/RF-359/2025|2025	2025-09-10	2025.691781
NODE_0000658	2025-06-07	2025.430996
EPI4841782|A/Hong_Kong/RFL-307/2025|2025	2025-08-20	2025.634247
NODE_0000580	2025-08-10	2025.606849
EPI4841774|A/Hong_Kong/RFL-305/2025|2025	2025-08-19	2025.631507
EPI4634222|A/Hong_Kong/HKU-250827-005/2025|2025	2025-08-10	2025.606849
NODE_0000571	2024-10-04	2024.758745
EPI4883709|A/Hong_Kong/ST226088/2025|2025	2025-09-08	2025.686301
NODE_0000585	2024-12-08	2024.934548
NODE_0000636	2025-05-25	2025.395890
EPI4642327|A/Hong_Kong/1034/2025|2025	2025-05-25	2025.395890
EPI4642647|A/Hong_Kong/1182/2025|2025	2025-07-16	2025.538356
NODE_0000591	2024-12-16	2024.956400
NODE_0000639	2025-06-11	2025.441953
EPI4851490|A/Hong_Kong/RF-370/2025|2025	2025-09-12	2025.697260
EPI4841089|A/Hong_Kong/RFL-288/2025|2025	2025-08-05	2025.593151
EPI4841796|A/Hong_Kong/RFL-309/2025|2025	2025-08-23	2025.642466
NODE_0000642	2025-08-17	2025.626027
EPI4841765|A/Hong_Kong/RFL-303/2025|2025	2025-08-17	2025.626027
NODE_0000594	2025-08-22	2025.639726
EPI4841812|A/Hong_Kong/RFL-311/2025|2025	2025-08-25	2025.647945
EPI4673589|A/Hong_Kong/1301/2025|2025	2025-08-22	2025.639726
NODE_0000596	2024-12-16	2024.956400
EPI4309178|A/Hong_Kong/HKU-250502-002/2025|2025	2025-03-03	2025.168493
NODE_0000598	2024-12-26	2024.984643
EPI4244750|A/Hong_Kong/859/2025|2025	2025-03-20	2025.215068
NODE_0000599	2025-02-17	2025.129964
NODE_0000632	2025-05-12	2025.360447
EPI4606439|A/Hong_Kong/1103/2025|2025	2025-06-16	2025.456164
EPI4606383|A/Hong_Kong/1111/2025|2025	2025-06-24	2025.478082
NODE_0000601	2025-02-19	2025.136348
NODE_0000602	2025-04-10	2025.272051
EPI4592233|A/Hong_Kong/HKU-250801-003/2025|2025	2025-06-30	2025.494521
NODE_0000604	2025-06-01	2025.415068
EPI4537365|A/Hong_Kong/1047/2025|2025	2025-06-01	2025.415068
EPI4642014|A/Hong_Kong/1047/2025|2025	2025-06-01	2025.415068
NODE_0000644	2025-05-14	2025.365753
EPI4642296|A/Hong_Kong/1024/2025|2025	2025-05-14	2025.365753
NODE_0000606	2025-05-26	2025.398630
EPI4642335|A/Hong_Kong/1036/2025|2025	2025-05-26	2025.398630
NODE_0000607	2025-06-07	2025.431059
NODE_0000608	2025-06-08	2025.434247
EPI4642397|A/Hong_Kong/1063/2025|2025	2025-06-08	2025.434247
EPI4642437|A/Hong_Kong/1074/2025|2025	2025-06-08	2025.434247
NODE_0000609	2025-06-08	2025.434247
EPI4642389|A/Hong_Kong/1062/2025|2025	2025-06-08	2025.434247
NODE_0000610	2025-06-21	2025.468520
EPI4606431|A/Hong_Kong/1105/2025|2025	2025-06-21	2025.469863
NODE_0000611	2025-06-22	2025.471707
EPI4606415|A/Hong_Kong/1106/2025|2025	2025-06-23	2025.475342
NODE_0000612	2025-06-23	2025.474895
EPI4606407|A/Hong_Kong/1107/2025|2025	2025-06-23	2025.475342
NODE_0000613	2025-06-24	2025.478082
EPI4606399|A/Hong_Kong/1109/2025|2025	2025-06-24	2025.478082
NODE_0000614	2025-07-08	2025.516438
EPI4841080|A/Hong_Kong/RFL-286/2025|2025	2025-07-27	2025.568493
EPI4841035|A/Hong_Kong/RFL-275/2025|2025	2025-07-08	2025.516438
NODE_0000660	2024-07-11	2024.526962
EPI4851293|A/Hong_Kong/RF-327/2025|2025	2025-08-29	2025.658904
NODE_0000662	2024-08-27	2024.655528
EPI4244767|A/Hong_Kong/874/2025|2025	2025-03-25	2025.228767
NODE_0000668	2025-04-03	2025.252368
EPI4642211|A/Hong_Kong/979/2025|2025	2025-04-26	2025.316438
EPI4642056|A/Hong_Kong/916/2025|2025	2025-04-03	2025.253425
EPI4642125|A/Hong_Kong/938/2025|2025	2025-04-06	2025.261644
NODE_0000605	2024-11-13	2024.867943
EPI4642705|A/Hong_Kong/1207/2025|2025	2025-07-24	2025.560274
NODE_0000619	2025-01-22	2025.058606
EPI4410908|A/Hong_Kong/HKU-250606-001/2025|2025	2025-04-23	2025.308219
NODE_0000621	2025-01-22	2025.058606
EPI4740572|A/Hong_Kong/1383/2025|2025	2025-09-14	2025.702740
EPI4642280|A/Hong_Kong/1021/2025|2025	2025-05-14	2025.365753
NODE_0000670	2024-09-29	2024.744480
EPI4753250|A/Hong_Kong/HKU-251014-003/2025|2025	2025-09-14	2025.702740
EPI4753242|A/Hong_Kong/HKU-251014-002/2025|2025	2025-09-11	2025.694521
EPI4649363|A/Hong_Kong/RFL-262/2025|2025	2025-05-27	2025.401370
NODE_0000674	2025-03-26	2025.232455
NODE_0000675	2025-05-02	2025.332042
EPI4731440|A/Hong_Kong/1326/2025|2025	2025-08-28	2025.656164
EPI4841069|A/Hong_Kong/RFL-283/2025|2025	2025-07-20	2025.549315
NODE_0000627	2025-06-25	2025.480822
EPI4642547|A/Hong_Kong/1125/2025|2025	2025-07-09	2025.519178
EPI4642509|A/Hong_Kong/1116/2025|2025	2025-06-25	2025.480822
NODE_0000677	2025-07-20	2025.549315
EPI4642639|A/Hong_Kong/1169/2025|2025	2025-07-20	2025.549315
EPI4642617|A/Hong_Kong/1159/2025|2025	2025-07-21	2025.552055
EPI4642655|A/Hong_Kong/1184/2025|2025	2025-07-23	2025.557534
NODE_0000629	2025-07-29	2025.573973
EPI4642671|A/Hong_Kong/1193/2025|2025	2025-07-29	2025.573973
EPI4642733|A/Hong_Kong/1211/2025|2025	2025-08-01	2025.582192
NODE_0000681	2024-09-15	2024.705147
EPI4841061|A/Hong_Kong/RFL-281/2025|2025	2025-07-18	2025.543836
EPI4632522|A/Hong_Kong/EPI1147/2025|2025	2025-05-13	2025.363014
NODE_0000683	2025-01-10	2025.025813
EPI4642288|A/Hong_Kong/1023/2025|2025	2025-05-17	2025.373973
NODE_0000684	2025-03-28	2025.238041
EPI4642525|A/Hong_Kong/1118/2025|2025	2025-06-26	2025.483562
EPI4642485|A/Hong_Kong/1101/2025|2025	2025-06-17	2025.458904
NODE_0000692	2025-06-24	2025.478082
EPI4649880|A/Hong_Kong/RFL-267/2025|2025	2025-06-24	2025.478082
EPI4638784|A/Hong_Kong/1112/2025|2025	2025-06-24	2025.478082
EPI4606375|A/Hong_Kong/1112/2025|2025	2025-06-24	2025.478082
NODE_0000648	2025-07-01	2025.497260
EPI4642562|A/Hong_Kong/1132/2025|2025	2025-07-01	2025.497260
NODE_0000649	2025-07-10	2025.521918
EPI4642594|A/Hong_Kong/1153/2025|2025	2025-07-10	2025.521918
EPI4642694|A/Hong_Kong/1202/2025|2025	2025-07-24	2025.560274
NODE_0000650	2025-06-03	2025.420548
EPI4642381|A/Hong_Kong/1061/2025|2025	2025-06-03	2025.420548
NODE_0000651	2025-06-10	2025.439726
EPI4592213|A/Hong_Kong/HKU-250801-001/2025|2025	2025-06-10	2025.439726
NODE_0000652	2025-06-16	2025.455717
EPI4642421|A/Hong_Kong/1072/2025|2025	2025-06-17	2025.458904
NODE_0000653	2025-06-17	2025.458904
EPI4642429|A/Hong_Kong/1073/2025|2025	2025-06-17	2025.458904
NODE_0000654	2025-06-22	2025.472603
EPI4642477|A/Hong_Kong/1100/2025|2025	2025-06-22	2025.472603
EPI4642517|A/Hong_Kong/1117/2025|2025	2025-06-26	2025.483562
NODE_0000628	2025-04-26	2025.316937
NODE_0000713	2025-10-12	2025.779452
EPI4774719|A/Hong_Kong/1491/2025|2025	2025-10-16	2025.790411
EPI4774651|A/Hong_Kong/1472/2025|2025	2025-10-12	2025.779452
EPI4774711|A/Hong_Kong/1489/2025|2025	2025-10-14	2025.784932
NODE_0000630	2025-04-27	2025.320125
EPI4642631|A/Hong_Kong/1161/2025|2025	2025-07-23	2025.557534
NODE_0000631	2025-04-29	2025.323313
EPI4642741|A/Hong_Kong/1233/2025|2025	2025-08-09	2025.604110
NODE_0000646	2025-04-30	2025.326501
EPI4915483|A/Hong_Kong/HKU-260102-007/2025|2025	2025-12-12	2025.946575
NODE_0000647	2025-05-01	2025.329689
EPI4731432|A/Hong_Kong/1304/2025|2025	2025-09-02	2025.669863
NODE_0000655	2025-05-02	2025.332877
EPI4642226|A/Hong_Kong/992/2025|2025	2025-05-02	2025.332877
NODE_0000633	2025-05-10	2025.354795
EPI4642264|A/Hong_Kong/1009/2025|2025	2025-05-10	2025.354795
NODE_0000634	2025-06-28	2025.488145
EPI4798609|A/Hong_Kong/1525/2025|2025	2025-10-19	2025.798630
NODE_0000635	2025-06-29	2025.491333
EPI4798648|A/Hong_Kong/1549/2025|2025	2025-10-21	2025.804110
NODE_0000637	2025-06-30	2025.494521
EPI4642555|A/Hong_Kong/1131/2025|2025	2025-06-30	2025.494521
NODE_0000638	2025-07-09	2025.518730
EPI4642578|A/Hong_Kong/1151/2025|2025	2025-07-09	2025.519178
NODE_0000640	2025-07-10	2025.521918
EPI4642586|A/Hong_Kong/1152/2025|2025	2025-07-10	2025.521918
NODE_0000641	2025-07-16	2025.538356
EPI4841048|A/Hong_Kong/RFL-280/2025|2025	2025-07-16	2025.538356
NODE_0000643	2025-09-25	2025.732877
EPI4855088|A/Hong_Kong/RF-421/2025|2025	2025-09-25	2025.732877
NODE_0000645	2025-10-08	2025.768493
EPI4798601|A/Hong_Kong/1524/2025|2025	2025-10-08	2025.768493
EPI4883664|A/Hong_Kong/EPI1329/2025|2025	2025-10-20	2025.801370
NODE_0000715	2021-11-20	2021.885613
EPI3647161|A/Hong_Kong/ST220258/2023|2023	2023-05-17	2023.373973
EPI3524197|A/Hong_Kong/DRV0133/2023|2023	2023-05-04	2023.338356
EPI2716439|A/Hong_Kong/1508/2023|2023	2023-07-10	2023.521918
NODE_0000666	2022-04-11	2022.275536
EPI2982878|A/HongKong/3034/2023|2023	2023-11-28	2023.908219
NODE_0000667	2022-07-01	2022.497876
NODE_0000723	2023-07-09	2023.519178
EPI2716471|A/Hong_Kong/1495/2023|2023	2023-07-09	2023.519178
EPI2745325|A/HongKong/1515/2023|2023	2023-07-09	2023.519178
EPI2745324|A/HongKong/1512/2023|2023	2023-07-10	2023.521918
EPI2745323|A/HongKong/1516/2023|2023	2023-07-11	2023.524658
NODE_0000669	2022-07-01	2022.497876
NODE_0000673	2022-07-01	2022.497876
EPI2716495|A/Hong_Kong/1509/2023|2023	2023-07-09	2023.519178
NODE_0000721	2022-11-06	2022.846711
EPI3647183|A/Hong_Kong/ST220063/2023|2023	2023-04-18	2023.294521
NODE_0000722	2023-11-21	2023.889041
EPI3094916|A/Hong_Kong/2962/2023|2023	2023-11-21	2023.889041
EPI2927496|A/Hong_Kong/2962/2023|2023	2023-11-21	2023.889041
NODE_0000728	2023-01-14	2023.036564
EPI3358167|A/Hong_Kong/VB24086813/2024|2024	2024-03-18	2024.211749
NODE_0000729	2023-08-01	2023.581929
EPI2863038|A/Hong_Kong/HKU-231217-085/2023|2023	2023-10-08	2023.768493
NODE_0000730	2023-10-21	2023.804110
EPI2863041|A/Hong_Kong/HKU-231217-087/2023|2023	2023-10-21	2023.804110
EPI2863043|A/Hong_Kong/HKU-231217-088/2023|2023	2023-10-21	2023.804110
NODE_0000663	2023-10-02	2023.751607
EPI4885632|A/Hong_Kong/2591/2023|2023	2023-10-03	2023.754795
NODE_0000664	2023-10-03	2023.754795
EPI2927036|A/Hong_Kong/2591/2023|2023	2023-10-03	2023.754795
EPI3094892|A/Hong_Kong/2591/2023|2023	2023-10-03	2023.754795
NODE_0000734	2021-12-30	2021.995974
NODE_0000735	2023-03-03	2023.168890
EPI3524203|A/Hong_Kong/DRV0198/2023|2023	2023-06-14	2023.450685
EPI2716463|A/Hong_Kong/1513/2023|2023	2023-07-06	2023.510959
NODE_0000737	2022-03-19	2022.212503
EPI3524228|A/Hong_Kong/DRV096/2023|2023	2023-04-13	2023.280822
NODE_0000739	2022-08-02	2022.584118
EPI3523736|A/Hong_Kong/DRV0109/2023|2023	2023-04-19	2023.297260
EPI3647192|A/Hong_Kong/ST220088/2023|2023	2023-04-21	2023.302740
NODE_0000740	2022-03-25	2022.228849
EPI3647200|A/Hong_Kong/ST220117/2023|2023	2023-04-27	2023.319178
NODE_0000671	2022-11-01	2022.833821
EPI3647175|A/Hong_Kong/ST220025/2023|2023	2023-04-13	2023.280822
NODE_0000672	2022-12-14	2022.951442
NODE_0000744	2023-03-05	2023.174188
EPI2716455|A/Hong_Kong/1474/2023|2023	2023-07-06	2023.510959
NODE_0000745	2023-07-03	2023.502740
EPI2745332|A/HongKong/1429/2023|2023	2023-07-03	2023.502740
EPI2716431|A/Hong_Kong/1505/2023|2023	2023-07-07	2023.513699
NODE_0000676	2023-01-17	2023.044750
EPI3647208|A/Hong_Kong/ST220119/2023|2023	2023-04-27	2023.319178
NODE_0000678	2023-01-17	2023.044750
EPI3653844|A/Hong_Kong/ST220130/2023|2023	2023-04-29	2023.324658
NODE_0000679	2023-01-17	2023.044750
EPI3653851|A/Hong_Kong/ST220162/2023|2023	2023-05-04	2023.338356
NODE_0000680	2023-01-17	2023.044750
EPI3413949|A/Hong_Kong/DRV086/2023|2023	2023-03-23	2023.223288
EPI3647168|A/Hong_Kong/ST220210/2023|2023	2023-05-10	2023.354795
NODE_0000749	2022-05-06	2022.344216
NODE_0000750	2023-03-08	2023.181328
EPI3358152|A/Hong_Kong/VB24124553/2024|2024	2024-04-19	2024.299180
EPI2982410|A/HongKong/3022/2023|2023	2023-11-23	2023.894521
NODE_0000751	2022-11-15	2022.872754
NODE_0000753	2023-11-09	2023.856164
EPI2982346|A/HongKong/2890/2023|2023	2023-11-09	2023.856164
NODE_0000685	2023-11-14	2023.869415
NODE_0000686	2023-11-15	2023.872603
EPI3094503|A/Hong_Kong/2894/2023|2023	2023-11-15	2023.872603
EPI2926889|A/Hong_Kong/2894/2023|2023	2023-11-15	2023.872603
NODE_0000687	2023-11-15	2023.872603
EPI2982870|A/HongKong/2940/2023|2023	2023-11-15	2023.872603
NODE_0000688	2023-11-23	2023.893178
EPI3094948|A/Hong_Kong/3033/2023|2023	2023-11-25	2023.900000
NODE_0000689	2023-11-24	2023.896365
EPI2927431|A/Hong_Kong/3033/2023|2023	2023-11-25	2023.900000
NODE_0000690	2023-11-25	2023.899552
EPI3094940|A/Hong_Kong/3031/2023|2023	2023-11-26	2023.902740
NODE_0000691	2023-11-26	2023.902740
EPI2927305|A/Hong_Kong/3031/2023|2023	2023-11-26	2023.902740
EPI2982458|A/HongKong/3032/2023|2023	2023-11-26	2023.902740
NODE_0000761	2023-02-03	2023.091562
EPI3590713|A/Hong_Kong/2674/2024|2024	2024-09-19	2024.717213
NODE_0000707	2023-05-18	2023.376063
EPI3551228|A/HongKong/2070/2024|2024	2024-07-15	2024.536885
EPI3358141|A/Hong_Kong/VB24104281/2024|2024	2024-04-01	2024.250000
NODE_0000765	2024-01-20	2024.054279
EPI3570433|A/Hong_Kong/2550/2024|2024	2024-08-29	2024.659836
NODE_0000766	2024-07-18	2024.545082
EPI3552703|A/Hong_Kong/2097/2024|2024	2024-07-18	2024.545082
EPI3489180|A/Hong_Kong/2097/2024|2024	2024-07-18	2024.545082
NODE_0000768	2023-08-29	2023.659856
EPI3552688|A/Hong_Kong/9505/2024|2024	2024-07-18	2024.545082
NODE_0000769	2024-02-07	2024.102854
EPI3626884|A/Hong_Kong/2756/2024|2024	2024-10-04	2024.758197
EPI3447590|A/Hong_Kong/1830/2024|2024	2024-06-14	2024.452186
NODE_0000770	2023-03-13	2023.196419
NODE_0000771	2024-08-30	2024.662568
EPI3570411|A/Hong_Kong/2515/2024|2024	2024-08-30	2024.662568
EPI3570418|A/Hong_Kong/2539/2024|2024	2024-08-30	2024.662568
NODE_0000772	2023-08-08	2023.601580
EPI3551540|A/HongKong/590/2024|2024	2024-02-23	2024.146175
NODE_0000716	2023-12-26	2023.985884
EPI3358158|A/Hong_Kong/VB24089352/2024|2024	2024-03-20	2024.217213
NODE_0000700	2024-02-07	2024.103499
EPI3358156|A/Hong_Kong/VB24140434/2024|2024	2024-05-02	2024.334699
NODE_0000701	2024-03-04	2024.173497
EPI3358159|A/Hong_Kong/VB24068249/2024|2024	2024-03-04	2024.173497
NODE_0000702	2024-03-09	2024.187158
EPI3358137|A/Hong_Kong/VB24077307/2024|2024	2024-03-09	2024.187158
NODE_0000703	2024-03-11	2024.192168
EPI3551392|A/HongKong/783/2024|2024	2024-03-12	2024.195355
NODE_0000704	2024-03-12	2024.195355
EPI3358150|A/Hong_Kong/VB24096055/2024|2024	2024-03-24	2024.228142
EPI3358151|A/Hong_Kong/VB24079469/2024|2024	2024-03-12	2024.195355
NODE_0000773	2024-02-05	2024.097034
EPI3358139|A/Hong_Kong/VB24095414/2024|2024	2024-03-25	2024.230874
NODE_0000706	2024-04-01	2024.250000
EPI3358168|A/Hong_Kong/VB24126135/2024|2024	2024-04-21	2024.304645
EPI3358144|A/Hong_Kong/VB24102446/2024|2024	2024-04-01	2024.250000
NODE_0000776	2024-08-30	2024.662568
EPI3570396|A/Hong_Kong/2513/2024|2024	2024-08-30	2024.662568
EPI3610542|A/Hong_Kong/2693/2024|2024	2024-09-25	2024.733607
EPI3570404|A/Hong_Kong/2514/2024|2024	2024-08-30	2024.662568
NODE_0000777	2024-10-26	2024.818582
EPI3822032|A/Hong_Kong/7497/2024|2024	2024-11-10	2024.859290
EPI3721535|A/Hong_Kong/2912/2024|2024	2024-11-30	2024.913934
NODE_0000787	2023-03-08	2023.182267
EPI3547917|A/Hong_Kong/2456/2024|2024	2024-08-21	2024.637978
EPI3358164|A/Hong_Kong/VB24086770/2024|2024	2024-03-18	2024.211749
NODE_0000831	2023-07-20	2023.549184
EPI3447678|A/Hong_Kong/1743/2024|2024	2024-06-17	2024.460383
EPI3547885|A/Hong_Kong/2392/2024|2024	2024-08-14	2024.618852
NODE_0000833	2025-01-15	2025.039726
EPI4401462|A/Hong_Kong/RFL-162/2025|2025	2025-02-17	2025.130137
EPI3915482|A/Hong_Kong/241/2025|2025	2025-01-15	2025.039726
EPI3915442|A/Hong_Kong/176/2025|2025	2025-01-15	2025.039726
NODE_0000850	2023-07-09	2023.518896
NODE_0000851	2025-03-06	2025.176712
EPI4244776|A/Hong_Kong/876/2025|2025	2025-03-23	2025.223288
EPI4238171|A/Hong_Kong/746/2025|2025	2025-03-06	2025.176712
NODE_0000852	2024-11-10	2024.859290
EPI3836410|A/HongKong/2856/2024|2024	2024-11-10	2024.859290
EPI3822056|A/Hong_Kong/9546/2024|2024	2024-11-12	2024.864754
EPI3836368|A/HongKong/2851/2024|2024	2024-11-12	2024.864754
EPI3667560|A/Hong_Kong/2851/2024|2024	2024-11-12	2024.864754
NODE_0000788	2023-04-23	2023.309427
EPI3551532|A/HongKong/457/2024|2024	2024-02-13	2024.118852
NODE_0000789	2023-07-13	2023.529659
EPI3358136|A/Hong_Kong/VB24094981/2024|2024	2024-03-24	2024.228142
EPI3466288|A/Hong_Kong/1910/2024|2024	2024-07-05	2024.509563
NODE_0000791	2023-10-23	2023.809713
NODE_0000792	2024-11-06	2024.848361
EPI3915490|A/Hong_Kong/250/2025|2025	2025-01-16	2025.042466
EPI3836419|A/HongKong/2860/2024|2024	2024-11-06	2024.848361
EPI3667576|A/Hong_Kong/2860/2024|2024	2024-11-06	2024.848361
NODE_0000794	2024-01-23	2024.060423
EPI4113950|A/Hong_Kong/EPI1013/2025|2025	2025-01-17	2025.045205
EPI3358153|A/Hong_Kong/VB24164428/2024|2024	2024-05-17	2024.375683
NODE_0000801	2024-03-27	2024.236514
EPI3358140|A/Hong_Kong/VB24172476/2024|2024	2024-05-27	2024.403005
EPI3447598|A/Hong_Kong/1842/2024|2024	2024-06-26	2024.484973
NODE_0000736	2024-06-07	2024.433745
EPI4401470|A/Hong_Kong/RFL-174/2025|2025	2025-02-17	2025.130137
NODE_0000738	2024-06-14	2024.452483
NODE_0000799	2024-12-01	2024.916021
EPI3915458|A/Hong_Kong/218/2025|2025	2025-01-13	2025.034247
EPI3852237|A/Hong_Kong/93/2025|2025	2025-01-02	2025.004110
NODE_0000741	2024-07-24	2024.562141
EPI4113943|A/Hong_Kong/EPI0993/2025|2025	2025-01-09	2025.023288
EPI3888513|A/Hong_Kong/INF033/2025|2025	2025-01-07	2025.017808
NODE_0000743	2023-05-27	2023.402158
NODE_0000922	2023-09-15	2023.704451
EPI4177314|A/Hong_Kong/HKU-250324-011/2025|2025	2025-02-26	2025.154795
EPI3447582|A/Hong_Kong/1829/2024|2024	2024-06-29	2024.493169
NODE_0000748	2023-05-27	2023.402158
NODE_0000868	2023-08-10	2023.605680
EPI3358163|A/Hong_Kong/VB24158806/2024|2024	2024-05-16	2024.372951
EPI3447654|A/Hong_Kong/1605/2024|2024	2024-06-05	2024.427596
EPI3547925|A/Hong_Kong/2458/2024|2024	2024-08-22	2024.640710
NODE_0000916	2024-09-23	2024.728900
EPI4005402|A/Hong_Kong/263/2025|2025	2025-01-15	2025.039726
EPI3915498|A/Hong_Kong/251/2025|2025	2025-01-18	2025.047945
NODE_0000904	2024-11-02	2024.837432
EPI3743827|A/Hong_Kong/2928/2024|2024	2024-12-03	2024.922131
EPI3835496|A/HongKong/2874/2024|2024	2024-11-19	2024.883880
EPI3836386|A/HongKong/2853/2024|2024	2024-11-02	2024.837432
EPI3667568|A/Hong_Kong/2853/2024|2024	2024-11-02	2024.837432
NODE_0000897	2023-12-01	2023.915179
EPI3492173|A/Hong_Kong/2155/2024|2024	2024-07-20	2024.550546
EPI3610230|A/Hong_Kong/2739/2024|2024	2024-09-28	2024.741803
EPI3447622|A/Hong_Kong/1561/2024|2024	2024-06-02	2024.419399
NODE_0000900	2024-02-27	2024.157273
EPI3358143|A/Hong_Kong/VB24151598/2024|2024	2024-05-09	2024.353825
NODE_0000901	2024-07-06	2024.512295
EPI3466335|A/Hong_Kong/1974/2024|2024	2024-07-06	2024.512295
EPI3466319|A/Hong_Kong/1938/2024|2024	2024-07-06	2024.512295
NODE_0000869	2023-10-06	2023.762597
EPI3358142|A/Hong_Kong/VB24151560/2024|2024	2024-05-10	2024.356557
NODE_0000870	2024-05-02	2024.333606
EPI3822024|A/Hong_Kong/0158/2024|2024	2024-11-13	2024.867486
EPI3667520|A/Hong_Kong/2840/2024|2024	2024-11-02	2024.837432
NODE_0000872	2023-12-03	2023.921320
EPI3521090|A/Hong_Kong/2231/2024|2024	2024-07-27	2024.569672
NODE_0000873	2024-01-23	2024.060997
EPI3552641|A/Hong_Kong/2728/2024|2024	2024-07-11	2024.525956
EPI4606872|A/Hong_Kong/RFL-199/2025|2025	2025-03-01	2025.163014
NODE_0000875	2024-07-08	2024.517760
EPI3466327|A/Hong_Kong/1951/2024|2024	2024-07-08	2024.517760
EPI4401390|A/Hong_Kong/RFL-051/2025|2025	2025-01-18	2025.047945
NODE_0000887	2023-10-31	2023.830180
EPI3447574|A/Hong_Kong/1827/2024|2024	2024-06-26	2024.484973
NODE_0000888	2024-02-02	2024.089760
NODE_0000889	2024-04-11	2024.278273
EPI3358138|A/Hong_Kong/VB24162135/2024|2024	2024-05-18	2024.378415
EPI3358165|A/Hong_Kong/VB24163080/2024|2024	2024-05-20	2024.383880
NODE_0000891	2024-07-05	2024.509751
EPI3552711|A/Hong_Kong/4371/2024|2024	2024-07-22	2024.556011
EPI3521123|A/Hong_Kong/2266/2024|2024	2024-08-08	2024.602459
NODE_0000892	2024-10-29	2024.827399
EPI4005450|A/Hong_Kong/375/2025|2025	2025-02-01	2025.086301
EPI4608298|A/Hong_Kong/RFL-212/2025|2025	2025-03-10	2025.187671
EPI4401383|A/Hong_Kong/RFL-047/2025|2025	2025-01-16	2025.042466
EPI4177267|A/Hong_Kong/HKU-250324-005/2025|2025	2025-02-06	2025.100000
NODE_0000783	2023-12-06	2023.930363
NODE_0000908	2024-03-01	2024.165628
EPI3721488|A/Hong_Kong/2868/2024|2024	2024-11-15	2024.872951
EPI3521172|A/Hong_Kong/2298/2024|2024	2024-08-05	2024.594262
NODE_0000790	2023-12-06	2023.930363
EPI3358161|A/Hong_Kong/VB24157480/2024|2024	2024-05-14	2024.367486
NODE_0000805	2023-12-12	2023.946795
NODE_0000878	2024-05-24	2024.394809
EPI3447614|A/Hong_Kong/1506/2024|2024	2024-05-24	2024.394809
EPI3552649|A/Hong_Kong/1506/2024|2024	2024-05-24	2024.394809
EPI3728907|A/Hong_Kong/1506/2024|2024	2024-05-24	2024.394809
NODE_0000807	2023-12-26	2023.985838
EPI3852245|A/Hong_Kong/109/2025|2025	2025-01-04	2025.009589
NODE_0000808	2023-12-26	2023.985838
EPI3358171|A/Hong_Kong/VM24003506/2024|2024	2024-03-10	2024.189891
NODE_0000810	2023-12-27	2023.986598
NODE_0000918	2024-07-03	2024.504098
EPI3552657|A/Hong_Kong/8109/2024|2024	2024-07-16	2024.539617
EPI3466296|A/Hong_Kong/1925/2024|2024	2024-07-03	2024.504098
NODE_0000812	2023-12-27	2023.986598
NODE_0000813	2024-01-22	2024.059723
EPI3358154|A/Hong_Kong/VB24121051/2024|2024	2024-04-16	2024.290984
NODE_0000814	2024-03-11	2024.192921
EPI3447638|A/Hong_Kong/1590/2024|2024	2024-06-04	2024.424863
EPI3447606|A/Hong_Kong/1320/2024|2024	2024-05-10	2024.356557
NODE_0000880	2024-03-07	2024.182148
EPI3447686|A/Hong_Kong/1745/2024|2024	2024-06-19	2024.465847
NODE_0000881	2024-06-24	2024.478209
EPI3551202|A/HongKong/2150/2024|2024	2024-07-22	2024.556011
NODE_0000882	2024-07-26	2024.566940
EPI3600113|A/Hong_Kong/EPI0785/2024|2024	2024-07-26	2024.566940
EPI3521038|A/Hong_Kong/2193/2024|2024	2024-07-28	2024.572404
NODE_0000819	2024-06-09	2024.438525
EPI3447717|A/Hong_Kong/1655/2024|2024	2024-06-09	2024.438525
NODE_0000821	2024-07-22	2024.556011
EPI3492165|A/Hong_Kong/2149/2024|2024	2024-07-22	2024.556011
EPI3551277|A/HongKong/2149/2024|2024	2024-07-22	2024.556011
NODE_0000815	2023-07-16	2023.537042
EPI3447566|A/Hong_Kong/1760/2024|2024	2024-06-20	2024.468579
NODE_0000816	2023-08-10	2023.607959
NODE_0000855	2024-01-26	2024.070792
EPI4005410|A/Hong_Kong/288/2025|2025	2025-01-18	2025.047945
EPI3743889|A/Hong_Kong/2961/2024|2024	2024-12-03	2024.922131
NODE_0000857	2024-03-31	2024.247014
EPI4401430|A/Hong_Kong/RFL-110/2025|2025	2025-02-02	2025.089041
NODE_0000858	2024-08-14	2024.618852
EPI3547901|A/Hong_Kong/2394/2024|2024	2024-08-14	2024.618852
EPI3547933|A/Hong_Kong/2459/2024|2024	2024-08-22	2024.640710
NODE_0000860	2024-04-30	2024.329754
EPI4401398|A/Hong_Kong/RFL-052/2025|2025	2025-01-19	2025.050685
EPI4072636|A/Hong_Kong/433/2025|2025	2025-02-05	2025.097260
NODE_0000862	2024-08-29	2024.661002
EPI4072697|A/Hong_Kong/553/2025|2025	2025-02-17	2025.130137
NODE_0000863	2024-10-20	2024.802329
EPI4401359|A/Hong_Kong/RFL-014/2025|2025	2025-01-08	2025.020548
EPI4072673|A/Hong_Kong/565/2025|2025	2025-02-15	2025.124658
NODE_0000726	2025-01-19	2025.050237
EPI4642165|A/Hong_Kong/958/2025|2025	2025-04-14	2025.283562
NODE_0000727	2025-01-20	2025.053425
EPI4401414|A/Hong_Kong/RFL-060/2025|2025	2025-01-20	2025.053425
EPI4401446|A/Hong_Kong/RFL-146/2025|2025	2025-02-09	2025.108219
NODE_0000826	2023-08-24	2023.645922
EPI3552695|A/Hong_Kong/8341/2024|2024	2024-07-17	2024.542350
NODE_0000827	2023-09-15	2023.706145
NODE_0000825	2023-12-08	2023.936868
EPI3358146|A/Hong_Kong/VB24125670/2024|2024	2024-04-20	2024.301913
EPI3447710|A/Hong_Kong/1654/2024|2024	2024-06-10	2024.441257
NODE_0000832	2023-09-17	2023.709703
NODE_0000820	2024-05-28	2024.405738
EPI3358172|A/Hong_Kong/VB24173338/2024|2024	2024-05-28	2024.405738
EPI3358149|A/Hong_Kong/VB24173339/2024|2024	2024-05-28	2024.405738
NODE_0000714	2024-06-02	2024.419399
EPI3551348|A/HongKong/1567/2024|2024	2024-06-02	2024.419399
EPI3447630|A/Hong_Kong/1567/2024|2024	2024-06-02	2024.419399
NODE_0000742	2023-10-09	2023.771572
NODE_0000837	2024-01-02	2024.003013
EPI3447670|A/Hong_Kong/1604/2024|2024	2024-06-07	2024.433060
EPI3358157|A/Hong_Kong/VB24146803/2024|2024	2024-05-06	2024.345628
EPI3358166|A/Hong_Kong/VB24133799/2024|2024	2024-04-27	2024.321038
NODE_0000840	2024-12-24	2024.979822
EPI4244702|A/Hong_Kong/800/2025|2025	2025-03-13	2025.195890
EPI4072705|A/Hong_Kong/625/2025|2025	2025-02-24	2025.149315
NODE_0000746	2023-10-22	2023.805765
EPI3674292|A/Hong_Kong/HKU-241206-001/2024|2024	2024-04-02	2024.252732
NODE_0000747	2023-10-28	2023.822307
NODE_0000818	2024-04-14	2024.285519
EPI3358170|A/Hong_Kong/VB24118229/2024|2024	2024-04-14	2024.285519
EPI3551239|A/HongKong/1028/2024|2024	2024-04-14	2024.285519
NODE_0000752	2023-12-05	2023.926306
EPI4005434|A/Hong_Kong/371/2025|2025	2025-02-03	2025.091781
NODE_0000754	2023-12-09	2023.939249
NODE_0000804	2024-02-29	2024.162706
EPI3552665|A/Hong_Kong/8343/2024|2024	2024-07-17	2024.542350
EPI3547941|A/Hong_Kong/2460/2024|2024	2024-08-22	2024.640710
EPI4072681|A/Hong_Kong/607/2025|2025	2025-02-19	2025.135616
NODE_0000806	2024-05-09	2024.353326
EPI3552673|A/Hong_Kong/4616/2024|2024	2024-07-23	2024.558743
EPI3447646|A/Hong_Kong/1610/2024|2024	2024-06-04	2024.424863
NODE_0000809	2024-11-08	2024.853825
EPI3836402|A/HongKong/2855/2024|2024	2024-11-10	2024.859290
EPI3836394|A/HongKong/2854/2024|2024	2024-11-08	2024.853825
NODE_0000811	2024-03-15	2024.202425
EPI3447702|A/Hong_Kong/1711/2024|2024	2024-06-07	2024.433060
EPI3852229|A/Hong_Kong/92/2025|2025	2025-01-02	2025.004110
EPI3552680|A/Hong_Kong/4332/2024|2024	2024-07-22	2024.556011
EPI3590721|A/Hong_Kong/2675/2024|2024	2024-09-19	2024.717213
NODE_0000759	2024-01-13	2024.034791
EPI3600103|A/Hong_Kong/EPI0738/2024|2024	2024-06-25	2024.482240
NODE_0000760	2024-01-24	2024.064125
EPI3551215|A/HongKong/2098/2024|2024	2024-07-18	2024.545082
NODE_0000762	2024-01-24	2024.064125
EPI3521056|A/Hong_Kong/2229/2024|2024	2024-07-23	2024.558743
NODE_0000763	2024-01-24	2024.064125
EPI3358148|A/Hong_Kong/VB24119248/2024|2024	2024-04-09	2024.271858
NODE_0000764	2024-02-28	2024.158711
EPI3547877|A/Hong_Kong/2391/2024|2024	2024-08-15	2024.621585
NODE_0000767	2024-03-09	2024.188490
EPI3590674|A/Hong_Kong/2605/2024|2024	2024-09-06	2024.681694
NODE_0000774	2024-03-11	2024.191679
EPI3626939|A/Hong_Kong/2787/2024|2024	2024-10-11	2024.777322
NODE_0000775	2024-03-11	2024.191679
EPI3447662|A/Hong_Kong/1619/2024|2024	2024-05-27	2024.403005
NODE_0000778	2024-03-11	2024.192563
EPI3447694|A/Hong_Kong/1592/2024|2024	2024-06-02	2024.419399
NODE_0000779	2024-03-15	2024.202641
NODE_0000780	2024-03-16	2024.205829
EPI3551314|A/HongKong/2071/2024|2024	2024-07-16	2024.539617
NODE_0000781	2024-03-17	2024.209016
EPI3358169|A/Hong_Kong/VB24088758/2024|2024	2024-03-17	2024.209016
NODE_0000782	2024-04-14	2024.285519
EPI3358147|A/Hong_Kong/VB24120134/2024|2024	2024-04-14	2024.285519
EPI3489172|A/Hong_Kong/2090/2024|2024	2024-07-14	2024.534153
NODE_0000924	2024-06-28	2024.491679
EPI3489164|A/Hong_Kong/2073/2024|2024	2024-07-13	2024.531421
NODE_0000925	2024-08-15	2024.621998
EPI4401367|A/Hong_Kong/RFL-040/2025|2025	2025-01-16	2025.042466
NODE_0000785	2024-10-10	2024.775283
EPI4113935|A/Hong_Kong/EPI0982/2025|2025	2025-01-03	2025.006849
NODE_0000786	2024-11-12	2024.865278
EPI4401438|A/Hong_Kong/RFL-126/2025|2025	2025-02-05	2025.097260
EPI4177259|A/Hong_Kong/HKU-250324-004/2025|2025	2025-02-05	2025.097260
NODE_0000928	2023-07-28	2023.570229
EPI3610214|A/Hong_Kong/2732/2024|2024	2024-09-29	2024.744536
NODE_0000929	2023-08-27	2023.653119
EPI3743843|A/Hong_Kong/2930/2024|2024	2024-12-03	2024.922131
EPI4177291|A/Hong_Kong/HKU-250324-008/2025|2025	2025-02-16	2025.127397
EPI3358162|A/Hong_Kong/VB24111251/2024|2024	2024-04-08	2024.269126
NODE_0000930	2024-04-30	2024.329235
EPI3358145|A/Hong_Kong/VB24144218/2024|2024	2024-04-30	2024.329235
EPI3650085|A/Hong_Kong/2818/2024|2024	2024-10-27	2024.821038
NODE_0000933	2024-03-31	2024.247268
EPI3358155|A/Hong_Kong/VB24101884/2024|2024	2024-03-31	2024.247268
EPI3466280|A/Hong_Kong/1909/2024|2024	2024-06-30	2024.495902
NODE_0000936	2023-09-29	2023.742638
EPI3358160|A/Hong_Kong/VM24007300/2024|2024	2024-05-06	2024.345628
EPI3489202|A/Hong_Kong/VB24207370/2024|2024	2024-06-29	2024.493169
NODE_0000938	2024-02-05	2024.096160
EPI3650053|A/Hong_Kong/2807/2024|2024	2024-10-20	2024.801913
NODE_0000874	2024-04-09	2024.271712
EPI3590682|A/Hong_Kong/2625/2024|2024	2024-09-12	2024.698087
NODE_0000940	2024-09-29	2024.744536
EPI3836358|A/HongKong/2850/2024|2024	2024-11-07	2024.851093
EPI3610222|A/Hong_Kong/2738/2024|2024	2024-09-29	2024.744536
NODE_0000829	2024-11-06	2024.848361
EPI3667536|A/Hong_Kong/2842/2024|2024	2024-11-06	2024.848361
NODE_0000830	2024-11-15	2024.872951
EPI3822048|A/Hong_Kong/2175/2024|2024	2024-11-15	2024.872951
EPI3822040|A/Hong_Kong/2865/2024|2024	2024-11-16	2024.875683
NODE_0000945	2023-10-07	2023.766982
EPI4238148|A/Hong_Kong/743/2025|2025	2025-03-05	2025.173973
NODE_0000953	2024-08-25	2024.647876
EPI3743881|A/Hong_Kong/2980/2024|2024	2024-12-11	2024.943989
NODE_0000954	2024-11-16	2024.874988
EPI4005418|A/Hong_Kong/284/2025|2025	2025-01-17	2025.045205
EPI4244785|A/Hong_Kong/877/2025|2025	2025-03-22	2025.220548
NODE_0000947	2024-05-04	2024.340135
NODE_0000948	2024-06-29	2024.494303
EPI3786500|A/Hong_Kong/3013/2024|2024	2024-12-16	2024.957650
EPI4072689|A/Hong_Kong/578/2025|2025	2025-02-17	2025.130137
NODE_0000949	2024-12-25	2024.983447
EPI4238126|A/Hong_Kong/700/2025|2025	2025-02-28	2025.160274
NODE_0000950	2025-03-31	2025.245205
EPI4642069|A/Hong_Kong/917/2025|2025	2025-04-02	2025.250685
EPI4309202|A/Hong_Kong/HKU-250502-005/2025|2025	2025-03-31	2025.245205
NODE_0000955	2024-04-11	2024.278631
NODE_0000956	2024-12-30	2024.997217
EPI4072659|A/Hong_Kong/554/2025|2025	2025-02-18	2025.132877
EPI3915474|A/Hong_Kong/310/2025|2025	2025-01-23	2025.061644
NODE_0000957	2024-05-29	2024.408470
EPI3600095|A/Hong_Kong/EPI0698/2024|2024	2024-05-29	2024.408470
NODE_0000958	2024-07-12	2024.528997
EPI3852261|A/Hong_Kong/127/2025|2025	2025-01-03	2025.006849
NODE_0000959	2024-10-27	2024.820520
EPI3786516|A/Hong_Kong/3015/2024|2024	2024-12-17	2024.960383
EPI4177251|A/Hong_Kong/HKU-250324-003/2025|2025	2025-01-26	2025.069863
NODE_0000961	2024-10-04	2024.758197
EPI3626900|A/Hong_Kong/2760/2024|2024	2024-10-04	2024.758197
NODE_0000844	2024-10-11	2024.777322
EPI3626946|A/Hong_Kong/2795/2024|2024	2024-10-15	2024.788251
EPI3626931|A/Hong_Kong/2786/2024|2024	2024-10-11	2024.777322
NODE_0000964	2023-12-31	2023.997788
EPI4072644|A/Hong_Kong/432/2025|2025	2025-02-03	2025.091781
EPI4632516|A/Hong_Kong/EPI1066/2025|2025	2025-03-11	2025.190411
EPI3590666|A/Hong_Kong/2592/2024|2024	2024-09-05	2024.678962
EPI4309170|A/Hong_Kong/HKU-250502-001/2025|2025	2025-02-27	2025.157534
NODE_0000968	2024-09-18	2024.714311
EPI3786508|A/Hong_Kong/3014/2024|2024	2024-12-17	2024.960383
EPI4005394|A/Hong_Kong/256/2025|2025	2025-01-15	2025.039726
NODE_0000971	2024-11-12	2024.864754
EPI3822001|A/Hong_Kong/9271/2024|2024	2024-11-12	2024.864754
EPI3721496|A/Hong_Kong/2869/2024|2024	2024-11-17	2024.878415
NODE_0000978	2024-10-03	2024.756349
EPI4177299|A/Hong_Kong/HKU-250324-009/2025|2025	2025-02-18	2025.132877
EPI4244733|A/Hong_Kong/855/2025|2025	2025-03-20	2025.215068
EPI4401454|A/Hong_Kong/RFL-159/2025|2025	2025-02-12	2025.116438
NODE_0000972	2024-04-25	2024.314563
EPI3650093|A/Hong_Kong/2825/2024|2024	2024-10-29	2024.826503
NODE_0000973	2024-11-17	2024.878415
EPI3836427|A/HongKong/2873/2024|2024	2024-11-19	2024.883880
EPI3721504|A/Hong_Kong/2873/2024|2024	2024-11-19	2024.883880
EPI3822009|A/Hong_Kong/5690/2024|2024	2024-11-17	2024.878415
EPI4177322|A/Hong_Kong/HKU-250324-012/2025|2025	2025-02-26	2025.154795
NODE_0000980	2024-04-25	2024.315001
EPI3721480|A/Hong_Kong/2864/2024|2024	2024-11-11	2024.862022
NODE_0000981	2024-06-16	2024.457938
EPI4309186|A/Hong_Kong/HKU-250502-003/2025|2025	2025-03-16	2025.204110
EPI3852277|A/Hong_Kong/156/2025|2025	2025-01-06	2025.015068
NODE_0000997	2024-08-02	2024.586020
EPI4642250|A/Hong_Kong/1002/2025|2025	2025-05-03	2025.335616
NODE_0000998	2024-12-23	2024.976776
EPI3786554|A/Hong_Kong/23/2025|2025	2024-12-23	2024.976776
EPI4642149|A/Hong_Kong/956/2025|2025	2025-04-14	2025.283562
NODE_0000999	2024-07-31	2024.580974
EPI3836372|A/HongKong/2852/2024|2024	2024-11-08	2024.853825
EPI3626924|A/Hong_Kong/2785/2024|2024	2024-10-08	2024.769126
NODE_0000859	2024-10-04	2024.758197
EPI3650061|A/Hong_Kong/2808/2024|2024	2024-10-22	2024.807377
EPI3626908|A/Hong_Kong/2763/2024|2024	2024-10-04	2024.758197
NODE_0000988	2024-10-24	2024.813632
EPI4642117|A/Hong_Kong/937/2025|2025	2025-04-03	2025.253425
EPI3852292|A/Hong_Kong/61/2025|2025	2024-12-25	2024.982240
NODE_0000992	2025-01-28	2025.075285
EPI4005458|A/Hong_Kong/401/2025|2025	2025-01-28	2025.075342
EPI4244741|A/Hong_Kong/857/2025|2025	2025-03-20	2025.215068
NODE_0000871	2024-11-20	2024.886612
EPI3721512|A/Hong_Kong/2877/2024|2024	2024-11-20	2024.886612
EPI3786532|A/Hong_Kong/3049/2024|2024	2024-12-21	2024.971311
NODE_0000912	2024-07-28	2024.573540
EPI3650045|A/Hong_Kong/2806/2024|2024	2024-10-21	2024.804645
NODE_0000913	2024-08-24	2024.645110
NODE_0000983	2025-02-03	2025.091781
EPI4005426|A/Hong_Kong/376/2025|2025	2025-02-03	2025.091781
EPI4177275|A/Hong_Kong/HKU-250324-006/2025|2025	2025-02-09	2025.108219
NODE_0000861	2024-09-18	2024.713982
EPI4238155|A/Hong_Kong/744/2025|2025	2025-03-06	2025.176712
NODE_0000864	2024-09-25	2024.733480
EPI4244794|A/Hong_Kong/878/2025|2025	2025-03-21	2025.217808
NODE_0000865	2024-09-25	2024.733480
EPI3786492|A/Hong_Kong/3012/2024|2024	2024-12-16	2024.957650
EPI3650101|A/Hong_Kong/2826/2024|2024	2024-10-24	2024.812842
NODE_0001002	2023-12-28	2023.991164
EPI3521072|A/Hong_Kong/2230/2024|2024	2024-07-26	2024.566940
NODE_0001004	2024-02-13	2024.118672
EPI4606250|A/Hong_Kong/RFL-197/2025|2025	2025-02-28	2025.160274
EPI3570388|A/Hong_Kong/2512/2024|2024	2024-08-30	2024.662568
NODE_0001011	2024-05-19	2024.380292
EPI3590705|A/Hong_Kong/2673/2024|2024	2024-09-19	2024.717213
EPI3590729|A/Hong_Kong/2676/2024|2024	2024-09-19	2024.717213
NODE_0000876	2024-08-06	2024.596314
EPI3667528|A/Hong_Kong/2841/2024|2024	2024-11-04	2024.842896
EPI3547893|A/Hong_Kong/2393/2024|2024	2024-08-12	2024.613388
NODE_0001005	2024-05-13	2024.363906
EPI4401351|A/Hong_Kong/RFL-004/2025|2025	2025-01-07	2025.017808
NODE_0001006	2024-11-05	2024.845326
EPI3852221|A/Hong_Kong/79/2025|2025	2025-01-02	2025.004110
EPI4177307|A/Hong_Kong/HKU-250324-010/2025|2025	2025-02-22	2025.143836
NODE_0001012	2024-02-24	2024.148825
EPI4608346|A/Hong_Kong/RFL-235/2025|2025	2025-03-29	2025.239726
NODE_0001013	2024-05-09	2024.354600
EPI4238133|A/Hong_Kong/723/2025|2025	2025-03-04	2025.171233
NODE_0001019	2024-08-12	2024.613355
EPI4673543|A/Hong_Kong/1267/2025|2025	2025-08-15	2025.620548
NODE_0001020	2025-03-19	2025.212329
EPI4608322|A/Hong_Kong/RFL-226/2025|2025	2025-03-19	2025.212329
EPI4608330|A/Hong_Kong/RFL-228/2025|2025	2025-03-20	2025.215068
NODE_0000883	2024-10-26	2024.819067
EPI4401406|A/Hong_Kong/RFL-057/2025|2025	2025-01-19	2025.050685
NODE_0000884	2024-12-25	2024.982949
EPI4244759|A/Hong_Kong/860/2025|2025	2025-03-21	2025.217808
NODE_0000885	2024-12-27	2024.987545
EPI4309194|A/Hong_Kong/HKU-250502-004/2025|2025	2025-03-17	2025.206849
NODE_0000886	2025-01-27	2025.071604
EPI4005442|A/Hong_Kong/372/2025|2025	2025-02-04	2025.094521
NODE_0001022	2025-04-25	2025.313993
EPI4841844|A/Hong_Kong/RFL-315/2025|2025	2025-08-25	2025.647945
EPI4642757|A/Hong_Kong/1048/2025|2025	2025-06-01	2025.415068
NODE_0000934	2025-05-20	2025.382192
EPI4642319|A/Hong_Kong/1031/2025|2025	2025-05-20	2025.382192
NODE_0000890	2025-06-18	2025.462145
EPI4642461|A/Hong_Kong/1087/2025|2025	2025-06-19	2025.464384
NODE_0000893	2025-06-19	2025.465333
EPI4642469|A/Hong_Kong/1099/2025|2025	2025-06-20	2025.467123
NODE_0000894	2025-06-21	2025.468520
EPI4606423|A/Hong_Kong/1108/2025|2025	2025-06-22	2025.472603
NODE_0000895	2025-06-22	2025.471707
EPI4841018|A/Hong_Kong/RFL-270/2025|2025	2025-07-03	2025.502740
NODE_0000896	2025-06-23	2025.474895
EPI4638792|A/Hong_Kong/1110/2025|2025	2025-06-24	2025.478082
NODE_0000898	2025-06-24	2025.478082
EPI4606391|A/Hong_Kong/1110/2025|2025	2025-06-24	2025.478082
EPI4642501|A/Hong_Kong/1115/2025|2025	2025-06-24	2025.478082
NODE_0001031	2024-08-18	2024.629553
EPI3743835|A/Hong_Kong/2929/2024|2024	2024-12-03	2024.922131
EPI4005466|A/Hong_Kong/411/2025|2025	2025-01-25	2025.067123
EPI4642219|A/Hong_Kong/991/2025|2025	2025-05-01	2025.330137
EPI3915450|A/Hong_Kong/203/2025|2025	2025-01-13	2025.034247
EPI3743873|A/Hong_Kong/2979/2024|2024	2024-12-11	2024.943989
NODE_0000942	2024-10-22	2024.808610
EPI3915506|A/Hong_Kong/259/2025|2025	2025-01-15	2025.039726
NODE_0000902	2024-10-29	2024.827676
NODE_0001043	2025-01-22	2025.058790
EPI4238163|A/Hong_Kong/745/2025|2025	2025-03-06	2025.176712
EPI4608378|A/Hong_Kong/RFL-244/2025|2025	2025-04-09	2025.269863
NODE_0000905	2025-03-05	2025.173973
EPI4607006|A/Hong_Kong/RFL-202/2025|2025	2025-03-05	2025.173973
NODE_0000906	2025-03-12	2025.193151
EPI4244686|A/Hong_Kong/798/2025|2025	2025-03-12	2025.193151
EPI4244694|A/Hong_Kong/799/2025|2025	2025-03-12	2025.193151
NODE_0000907	2024-11-16	2024.876800
NODE_0001032	2025-02-06	2025.100000
EPI4400156|A/Hong_Kong/RFL-134/2025|2025	2025-02-06	2025.100000
EPI4177283|A/Hong_Kong/HKU-250324-007/2025|2025	2025-02-13	2025.119178
NODE_0000909	2024-11-20	2024.886157
EPI4409956|A/Hong_Kong/RFL-161/2025|2025	2025-02-17	2025.130137
NODE_0000910	2024-11-21	2024.889344
EPI3721520|A/Hong_Kong/2880/2024|2024	2024-11-21	2024.889344
NODE_0000911	2025-01-06	2025.015068
EPI3915434|A/Hong_Kong/175/2025|2025	2025-01-14	2025.036986
EPI3852269|A/Hong_Kong/154/2025|2025	2025-01-06	2025.015068
